coding,beta,se,pvalue,n,outlier_count,outlier_pvalue,heteroscedasticity_pvalue,protein,#NAME?
1,-0.002620902,0.001193476,0.028118104,8237,2,0.001010618,0.023584658,A1BG,1.55101396
2,0.001939455,0.001269665,0.126668054,8009,1,0.13065296,0.035149176,AAMDC,0.897332901
3,-0.001809218,0.001326759,0.172714584,9372,1,1.392869265,0.002503004,AARSD1,0.76267099
4,-0.002387014,0.001265344,0.059270114,7976,1,0.025197714,6.63E-07,ABCA2,1.22716424
5,0.002577953,0.001339775,0.054363915,9330,1,3.035961411,0.000167545,ABHD14B,1.264689273
6,0.001290628,0.001348724,0.338629639,9372,1,0.28282537,1.22E-06,ABL1,0.470275033
7,0.001094583,0.001277984,0.391750633,8228,1,0.327880832,0.100716003,ABO,0.406990293
8,3.58E-05,0.001253417,0.977219077,7976,1,0.585397718,0.000785078,ABRAXAS2,0.010008064
9,-0.002422933,0.001289932,0.060366127,9192,1,0.138844683,0.006664658,ACAA1,1.219206686
10,-0.000839849,0.001265805,0.507035616,8071,1,0.06009521,0.148697081,ACADM,0.294961533
11,-0.000252745,0.001282566,0.843784156,8213,1,0.07122622,0.092681009,ACADSB,0.073768634
12,-0.000929779,0.001225848,0.448184231,9309,1,0.044966068,7.19E-05,ACAN,0.348543428
13,0.000849772,0.001254082,0.498041508,8228,1,0.017647883,0.008231136,ACE,0.30273446
14,0.00110841,0.001125062,0.324552455,9236,2,0.000779792,2.02E-17,ACE2,0.488715102
15,0.003664893,0.001154243,0.001503265,8038,1,0.008036952,7.39E-23,ACHE,2.822964534
16,-0.000796834,0.00128407,0.534910561,8197,1,0.286800505,0.059112792,ACOT13,0.271718828
17,0.000687053,0.001349806,0.61076347,9380,1,2.273257353,0.308127959,ACOX1,0.214126946
18,0.003168817,0.001248186,0.011144152,7992,1,0.173247339,1.91E-08,ACP1,1.952952956
19,-0.007674838,0.001284927,2.41E-09,9425,1,0.144124113,0.158264005,ACP5,8.617245842
20,0.001642424,0.001369699,0.230514091,9472,1,0.363241891,0.000305286,ACP6,0.637302522
21,-0.000328613,0.00127955,0.797325019,8177,1,0.044250386,0.247387434,ACRBP,0.098364608
22,0.002537214,0.000817635,0.001921659,7992,10,1.51E-05,3.02E-173,ACRV1,2.716323771
23,-0.000519646,0.001275432,0.683705198,7976,1,0.118785349,0.10825223,ACSL1,0.165131118
24,-0.002933258,0.001167329,0.011994859,9236,1,0.034058398,5.29E-26,ACTA2,1.921004849
25,0.006997912,0.001230798,1.35E-08,7976,2,0.032879421,2.83E-12,ACTN2,7.869975139
26,-0.00214226,0.001321036,0.10491229,9256,1,0.199773424,0.23818027,ACTN4,0.979173631
27,-0.000699126,0.001193029,0.557883378,9333,1,0.026099079,0.144300621,ACVRL1,0.253456578
28,-0.003277412,0.001161976,0.004804219,9380,1,0.006709729,1.77E-07,ACY1,2.318377226
29,0.001097184,0.001222682,0.369554725,7976,1,0.045809355,1.67E-08,ACY3,0.432321241
30,0.000629417,0.001262837,0.618205468,8002,1,0.006837037,1.66E-06,ACYP1,0.208867158
31,0.009366131,0.001368068,8.05E-12,9483,1,0.273595529,1.19E-06,ADA,11.09408022
32,-0.002557998,0.001266908,0.043506739,9293,1,0.076392501,0.121704018,ADA2,1.361443472
33,-0.005780773,0.001200523,1.50E-06,7992,1,0.200159905,6.20E-31,ADAM12,5.824628961
34,-0.000102502,0.001301511,0.93722808,9236,1,0.019891805,0.215756351,ADAM15,0.028154708
35,-0.006986619,0.001269149,3.79E-08,9346,1,0.056675616,0.358823454,ADAM22,7.421323349
36,0.000826116,0.001350311,0.540686593,9483,1,0.47774466,0.449804781,ADAM23,0.267054399
37,-0.004818591,0.001297604,0.000205625,9487,1,1.980165841,0.261154931,ADAM8,3.686923139
38,-0.002019886,0.001245454,0.104883245,8197,1,0.014261043,0.081202448,ADAM9,0.979293884
39,-0.002858974,0.001244092,0.021585217,7992,2,0.027100502,0.001857914,ADAMTS1,1.665843572
40,0.003928743,0.001350899,0.003643108,9489,1,1.289747507,0.706568581,ADAMTS13,2.438527981
41,-0.002379792,0.001210183,0.049273441,9372,1,0.000608737,0.665902134,ADAMTS15,1.307387109
42,-0.007938254,0.001197355,3.55E-11,9236,1,1.230917559,1.38E-14,ADAMTS16,10.44984114
43,-0.000912348,0.001236873,0.460764352,7992,1,0.436645858,5.45E-09,ADAMTS4,0.336521129
44,0.011225891,0.001313113,1.43E-17,9447,1,0.025288122,0.022612674,ADAMTS8,16.84342083
45,-0.004105662,0.001198433,0.000615858,8231,1,0.19371533,0.000508465,ADAMTSL2,3.210519552
46,0.003267372,0.001222591,0.007544147,8009,1,0.214343444,3.00E-10,ADAMTSL4,2.122389858
47,0.010290749,0.001259897,3.61E-16,8213,1,0.148022107,0.002806447,ADAMTSL5,15.44305643
48,0.000385643,0.00132357,0.77077825,9192,1,0.403612934,0.010413356,ADCYAP1R1,0.113070549
49,0.003106506,0.001247067,0.012756699,8038,1,0.049256366,1.62E-06,ADD1,1.894261677
50,-0.002020115,0.00130355,0.121246887,9333,1,0.618275823,0.028423041,ADGRB3,0.916329402
51,0.002943086,0.001098264,0.007382509,8038,2,0.013691958,3.23E-18,ADGRD1,2.131796025
52,-0.001978611,0.001245523,0.112194317,8197,1,0.025681332,0.000311577,ADGRE1,0.95002914
53,0.003525901,0.001271336,0.005558584,9448,1,1.985755736,0.000439155,ADGRE2,2.255035825
54,0.002609003,0.001267826,0.039631393,9431,1,0.111569217,0.000592076,ADGRE5,1.40196066
55,-0.002789628,0.001267326,0.027750194,8213,1,0.135342611,4.87E-17,ADGRF5,1.556733978
56,-0.006153842,0.001249047,8.50E-07,9372,1,0.537156981,0.001466682,ADGRG1,6.070546252
57,0.017343601,0.001145461,3.49E-51,9380,1,0.004402576,4.15E-08,ADGRG2,50.4572493
58,-0.001202082,0.001276765,0.346474044,7964,1,0.051580857,0.101879731,ADGRV1,0.460329295
59,-0.004648362,0.001159904,6.19E-05,8038,1,0.033264041,4.53E-26,ADH1B,4.208245916
60,-0.006018651,0.001184449,3.82E-07,9236,1,0.216295168,3.21E-22,ADH4,6.417909444
61,0.004183835,0.001019276,4.09E-05,8237,3,0.002531292,1.83E-47,ADIPOQ,4.388556039
62,-0.005890221,0.001088747,6.45E-08,9482,1,0.029523722,0.039337082,ADM,7.190248279
63,-0.00191501,0.001255625,0.127262656,7976,1,0.143385434,0.632014207,ADRA2A,0.895299019
64,-0.001627628,0.00126967,0.199904434,8038,1,0.103391321,0.227003552,AFAP1,0.699177572
65,-0.003479506,0.001153832,0.002572482,8237,1,0.017688595,0.000595416,AFM,2.589647692
66,2.36E-05,0.001316903,0.985701364,9325,1,1.595608141,0.000527846,AFP,0.006254642
67,0.001499783,0.001259245,0.233682446,7964,1,0.405211505,0.411956343,AGBL2,0.63137391
68,-0.000887614,0.001248497,0.477135415,9391,1,0.563015437,0.005738516,AGER,0.321358347
69,0.000967142,0.001262845,0.443788942,9198,1,0.299197991,0.198503718,AGR2,0.352823523
70,0.004014519,0.00130189,0.002051151,9179,1,1.486113804,0.003162268,AGR3,2.688002313
71,-0.005363679,0.001243892,1.63E-05,9448,1,0.60215172,0.15249603,AGRN,4.786695923
72,-0.001664073,0.001333791,0.212198826,9483,1,0.786017201,0.95860758,AGRP,0.673257023
73,0.002118885,0.001242758,0.088234923,8228,1,0.059767608,4.24E-10,AGT,1.05435949
74,-0.003349589,0.001296613,0.009799975,9380,1,0.229664833,6.08E-17,AGXT,2.00877505
75,0.000768065,0.001339043,0.566257232,9380,1,0.604651885,0.012313799,AHCY,0.246986238
76,0.006809131,0.001167012,5.60E-09,8009,1,0.24161985,9.38E-21,AHNAK,8.251826227
77,0.002514338,0.001243717,0.043247716,8009,1,0.043873668,3.09E-08,AHNAK2,1.364036827
78,0.000423716,0.001280583,0.740745586,8177,1,0.284386874,0.173677607,AHSA1,0.130330928
79,-0.002759732,0.001263068,0.028921187,8228,1,0.509358492,3.68E-07,AHSG,1.53878388
80,-0.002562478,0.001299001,0.048564489,9397,1,0.055525821,1.03E-22,AHSP,1.313681173
81,-0.00127637,0.001271342,0.315430756,8000,1,0.867970955,0.99961867,AIDA,0.501095963
82,-0.000802003,0.00133266,0.547318075,9192,1,0.545372673,0.030956842,AIF1,0.261760209
83,0.000279232,0.001275526,0.826721599,8009,1,0.573696756,1.06E-25,AIF1L,0.082640716
84,-0.001429673,0.001317869,0.27802198,9358,1,0.20014441,0.001045864,AIFM1,0.555920868
85,-0.000397284,0.001329106,0.765015025,9380,1,0.290476994,5.81E-08,AK1,0.116330035
86,0.000876696,0.001280742,0.493664866,8212,1,0.632712796,0.221386332,AK2,0.306567781
87,0.007505749,0.001248609,1.92E-09,8038,1,0.042898431,1.58E-05,AKAP12,8.716474358
88,0.002835918,0.001329014,0.032881453,9192,1,3.773330805,0.013583494,AKR1B1,1.483049
89,-0.00035794,0.001271495,0.778325571,8000,1,0.368739592,0.945356293,AKR1B10,0.108838701
90,-0.001131383,0.00134809,0.401351413,9236,1,0.350975376,0.290268268,AKR1C4,0.396475203
91,-0.000364697,0.00123173,0.76717251,7992,1,0.479474915,8.88E-20,AKR7L,0.115106967
92,0.001058783,0.001313547,0.420235306,9244,1,0.188437673,0.035800046,AKT1S1,0.376507463
93,0.000506544,0.001273241,0.690759584,8208,1,0.465690487,0.231521966,AKT2,0.160673081
94,0.001624177,0.001314167,0.216528228,9150,1,0.677981696,0.601162002,AKT3,0.664485479
95,0.000467865,0.001216799,0.700613182,9489,1,0.128403628,8.74E-05,ALCAM,0.154521696
96,-0.000470333,0.001265041,0.710055712,9418,1,0.516800941,1.52E-16,ALDH1A1,0.148707574
97,-0.003346242,0.001291372,0.009580384,8177,1,0.024142612,0.001760357,ALDH2,2.018617086
98,0.000248772,0.001243233,0.841406346,9358,1,0.740409893,4.32E-08,ALDH3A1,0.074994217
99,-0.003231587,0.00126137,0.010425889,8208,1,0.045226095,0.053446488,ALDH5A1,1.98188691
100,0.000405919,0.001268751,0.74902542,8071,1,0.155423336,0.299766211,ALMS1,0.125503443
101,0.001566804,0.001277084,0.219911173,7992,2,0.026650841,0.001987592,ALPI,0.657752705
102,0.000644602,0.001208811,0.593870888,9372,1,0.00382225,0.090978878,ALPP,0.226307963
103,-0.00030425,0.001328426,0.818850365,9256,1,0.097684395,0.020449938,AMBN,0.086795453
104,9.65E-05,0.001217745,0.936826991,9471,1,0.090058898,0.45271392,AMBP,0.028340605
105,-0.002610412,0.001274098,0.040510391,8231,1,0.504729621,0.266390119,AMDHD2,1.392433563
106,-0.002085342,0.001341491,0.120100406,9244,1,1.501274496,0.000117722,AMFR,0.920455524
107,-0.000898153,0.001288737,0.48586987,8000,1,0.157037108,0.331687702,AMIGO1,0.313480031
108,0.001171069,0.001337239,0.381195715,9372,1,0.053952313,0.466969553,AMIGO2,0.41885199
109,-0.005274635,0.001314093,6.02E-05,9256,1,0.329846376,0.013952766,AMN,4.220431447
110,-0.004310632,0.001125058,0.000128349,8038,1,0.053656809,5.60E-15,AMOT,3.891608831
111,-0.001753926,0.001261964,0.164615837,8151,1,1.236502405,6.17E-10,AMOTL2,0.783528386
112,-0.001513773,0.001277436,0.23604835,8212,1,0.257527885,2.92E-06,AMPD3,0.626999031
114,0.002166591,0.001231985,0.078676447,9014,1,0.034131298,1.52E-09,AMY2A,1.104155259
115,0.002455088,0.001206571,0.041904655,8770,1,0.01046701,1.20E-10,AMY2B,1.377737734
116,-0.002828565,0.001263075,0.025151561,9331,1,2.854999549,1.15E-12,ANG,1.599435053
117,0.001091627,0.00134939,0.418548196,9381,1,1.195763186,0.924995992,ANGPT1,0.378254526
118,-0.003714956,0.001324331,0.005039476,9482,1,0.186118199,8.23E-05,ANGPT2,2.297614656
119,-0.000928907,0.001281722,0.468634064,9244,1,0.585765942,1.85E-05,ANGPTL1,0.329166147
120,-0.001520532,0.001265555,0.22959739,9418,1,0.059818184,0.732276757,ANGPTL2,0.639033053
121,0.004714049,0.00121779,0.000109133,9371,1,1.133159521,0.691234798,ANGPTL3,3.962045259
122,-0.003160214,0.001287304,0.014109984,9434,1,0.682228744,2.23E-05,ANGPTL4,1.850473464
123,-0.002336549,0.001307179,0.07389288,9482,1,0.13161361,0.000338818,ANGPTL7,1.131397405
124,0.000574333,0.001261528,0.648929134,7976,1,0.399509031,0.010068748,ANK2,0.187802727
125,-0.000123854,0.00126387,0.921938344,7992,1,0.05875753,0.00120963,ANKMY2,0.035298122
126,-0.000227762,0.001268864,0.857548857,7936,1,0.252127435,0.485911425,ANKRA2,0.066741128
127,0.002018781,0.001324709,0.127557343,9192,1,2.64683262,1.75E-08,ANKRD54,0.894294534
128,-0.000449786,0.001265566,0.722297114,8009,1,0.012951986,0.106807124,ANP32C,0.141284121
129,-0.001073213,0.001348046,0.425979271,9387,1,1.47288093,0.000862247,ANPEP,0.370611534
130,-0.001042881,0.001230812,0.396847107,7995,1,0.097593176,1.39E-11,ANXA1,0.401376781
131,0.002178161,0.001274016,0.087358402,9244,1,0.579535129,0.027807564,ANXA10,1.05869532
132,0.000862035,0.001357981,0.525579674,9371,1,4.428583066,0.003802689,ANXA11,0.279361438
133,-0.001034555,0.0012214,0.397007548,7897,1,0.035683635,2.03E-12,ANXA2,0.401201237
134,0.001074743,0.001348648,0.425526658,9487,1,0.418211851,0.19383094,ANXA3,0.371073227
135,0.000538855,0.001340034,0.687604912,9337,1,0.318495676,0.737342962,ANXA4,0.16266103
136,-0.002833725,0.001310275,0.030590309,9231,1,3.287517892,0.636382794,ANXA5,1.514416135
137,-0.001315221,0.001323069,0.320215355,9256,1,0.88782626,0.028098543,AOC1,0.494557846
138,-0.001891762,0.001277612,0.138719563,9405,1,0.86902227,0.18919866,AOC3,0.857862289
139,0.000413651,0.00127534,0.745684703,8177,1,0.173058747,0.000405722,AP1G2,0.127444766
140,-0.000665134,0.001278532,0.602915859,8000,1,0.011001536,0.055165001,AP2B1,0.219743292
141,2.94E-05,0.001285539,0.981724419,8197,1,0.080723173,0.000188395,AP3B1,0.008010406
142,0.000206651,0.00127554,0.871301587,8212,1,0.694670671,0.243894911,AP3S2,0.059831495
143,-0.000625456,0.001330816,0.638380629,9372,1,0.482468243,6.35E-19,APBB1IP,0.1949203
144,-0.002930024,0.001045234,0.005071459,8155,1,0.113367535,1.86E-20,APCS,2.294867123
145,-0.000562448,0.001353528,0.677754475,9458,1,0.43240463,7.25E-07,APEX1,0.168927606
146,-0.003341152,0.001278367,0.008973482,9380,1,0.150569796,0.015908296,APLP1,2.047038997
147,0.009621984,0.001128645,1.80E-17,8237,1,0.000866756,4.33E-21,APOA1,16.7455433
148,0.000533086,0.001188439,0.653760812,8228,1,0.345647892,1.13E-15,APOA2,0.184581115
149,0.009907712,0.00121097,3.22E-16,8237,2,0.003475099,0.000130336,APOA4,15.49218743
150,0.000370336,0.001277968,0.771988111,8228,1,0.121816778,0.613188378,APOB,0.112389388
151,0.000974594,0.001243589,0.433242716,8009,1,0.214994973,0.017135415,APOBR,0.363268731
152,0.007685441,0.001147137,2.23E-11,8218,1,0.115256719,3.95E-28,APOC1,10.65233964
153,0.004387792,0.001112129,8.04E-05,7864,3,0.005168276,5.92E-28,APOD,4.094948958
154,0.000157875,0.001244637,0.899066609,8237,1,0.182693284,0.003335064,APOE,0.046208132
155,0.00441551,0.001056371,2.95E-05,8228,1,0.521386965,1.08E-30,APOF,4.530647956
156,0.000574006,0.001344809,0.669512176,9418,1,2.896770941,0.017971147,APOH,0.17424152
157,-0.000543074,0.001227857,0.658287718,8228,1,0.048665377,6.08E-21,APOL1,0.181584248
158,0.004860097,0.001272872,0.000135288,9389,1,1.04819013,1.24E-05,APOM,3.8687413
159,0.000987673,0.001362772,0.46862149,9414,1,0.745263261,0.543790121,APP,0.3291778
160,0.002120655,0.001260915,0.092639162,8038,1,0.126398467,0.000464717,APPL2,1.033205381
161,0.002664915,0.001334804,0.0459102,9346,1,0.802793126,0.112639526,APRT,1.338090812
162,0.000714017,0.001275783,0.575720163,8071,2,0.017543283,0.361697186,ARAF,0.239788561
163,-0.007452846,0.001343447,2.98E-08,9372,1,0.75782526,0.982642605,AREG,7.526393607
164,0.000524819,0.001275369,0.680713945,8197,1,0.062972137,0.123519945,ARF6,0.167035353
165,0.000375273,0.001276745,0.768819163,8208,1,0.07782094,0.975023273,ARFIP1,0.1141758
166,0.001399648,0.001334395,0.294251044,9360,1,0.370258044,0.002479747,ARG1,0.531281987
167,-0.000224046,0.001281805,0.861249306,8177,1,0.668812686,0.140542981,ARG2,0.064871115
168,0.002615845,0.001313712,0.046489983,9192,1,1.315434927,0.077402006,ARHGAP1,1.332640611
169,-0.001103783,0.001311513,0.400028152,9192,1,0.321683776,0.002493609,ARHGAP25,0.397909444
170,0.001924046,0.001282159,0.133490438,8071,1,0.014398625,0.328251386,ARHGAP30,0.874549842
171,0.001570797,0.001256431,0.211260999,8038,1,0.023052268,0.001082532,ARHGAP45,0.675180671
172,-0.003580117,0.00125842,0.004453526,7936,1,0.004735735,0.299380709,ARHGAP5,2.351296002
173,0.000431358,0.001270191,0.734165763,8212,1,0.655782568,0.002281728,ARHGEF1,0.134205872
174,0.002150151,0.001266742,0.089661606,8208,1,0.102870835,0.021878409,ARHGEF10,1.047393487
175,0.000528224,0.001344945,0.694514695,9371,1,0.231927309,0.004677751,ARHGEF12,0.158318561
176,-0.001678193,0.001279801,0.189796819,7964,1,0.073541055,2.28E-05,ARHGEF5,0.72171107
177,-0.000862607,0.001275133,0.498753146,7964,1,0.380242557,0.102542338,ARID3A,0.302114352
178,-0.002660462,0.001338386,0.046861907,9244,1,0.141211645,0.937555109,ARID4B,1.329180039
179,-0.001258041,0.001268977,0.321529137,7976,1,0.011971442,0.043669232,ARL13B,0.492779666
180,-0.000145082,0.001276187,0.909491192,7976,1,0.046796848,0.003533185,ARL2BP,0.041201502
181,-0.002200297,0.001267503,0.082614955,7964,1,0.497054343,0.127295766,ARMCX2,1.08294133
182,-0.001245406,0.001331778,0.349737618,9256,1,0.680383611,0.420220504,ARNT,0.456257653
183,0.001321968,0.001278628,0.30121638,7976,1,0.195210545,0.036941924,ARNTL,0.521121415
184,-0.001273156,0.001305888,0.329617578,9418,1,0.346897027,2.16E-05,ARSA,0.481989636
185,0.000182116,0.001345907,0.892368861,9372,1,4.447039269,0.002591625,ARSB,0.049455593
186,0.000370083,0.001169004,0.751569149,9405,2,0.021883387,4.09E-07,ART3,0.124031055
187,-0.003021396,0.001276138,0.01792721,7964,1,0.070035382,0.171121087,ART5,1.746487293
188,-0.001402299,0.001351163,0.299368967,9256,1,2.708015917,0.067378487,ARTN,0.523793221
189,-0.002525484,0.001273528,0.047394206,8147,1,0.093014938,0.000152719,ASAH1,1.324274748
190,-0.00044285,0.001273422,0.728025581,9346,1,0.190563428,0.435732509,ASAH2,0.13785336
191,-0.005085226,0.001192111,2.01E-05,9346,1,2.91941147,1.13E-15,ASGR1,4.696345612
192,-0.003005423,0.001225346,0.01419896,8228,1,0.051535502,0.000959596,ASGR2,1.847743449
193,0.004579672,0.001231644,0.000201874,8213,1,0.106939938,1.09E-09,ASPN,3.694918994
194,-1.01E-05,0.001265935,0.993661919,8208,1,0.291104103,4.44E-05,ASPSCR1,0.002761354
195,0.000384382,0.001258064,0.759966782,8009,1,0.19664421,1.76E-05,ASRGL1,0.11920539
196,-0.001686915,0.001172451,0.150248225,7976,1,0.103102033,1.62E-36,ASS1,0.823190649
197,1.22E-05,0.001340661,0.992752363,9244,1,0.123861834,0.170971391,ATF2,0.00315907
198,-0.002443663,0.00126181,0.052825798,7936,1,0.102512343,0.187951387,ATF4,1.277153931
199,0.001039994,0.001271139,0.413290009,8197,1,0.091849131,2.88E-05,ATG16L1,0.383745093
200,0.000877296,0.001308135,0.502462749,9192,1,0.207917815,3.39E-05,ATG4A,0.29889613
201,0.000604117,0.001366942,0.658537087,9447,1,0.08551946,0.000619291,ATOX1,0.181419762
202,-0.000264414,0.00126417,0.834328378,7976,1,0.44499588,1.26E-06,ATP1B1,0.078662984
203,-0.000810357,0.00126726,0.522544626,7976,1,0.309683066,0.000583277,ATP1B2,0.281876615
204,-0.001689439,0.001279811,0.186849999,7976,1,0.411537606,0.128655035,ATP1B3,0.728506901
205,-0.001280129,0.00126021,0.309752886,7936,1,0.100370489,0.2300009,ATP1B4,0.508984638
206,-0.00236937,0.001261946,0.060478913,7976,1,1.465637421,0.127110604,ATP2B4,1.21839602
207,-0.000167503,0.001276163,0.895576771,7976,1,0.220045547,0.82745944,ATP5F1D,0.047897179
208,0.002230988,0.001363682,0.101872279,9448,1,2.203307115,0.176058327,ATP5IF1,0.991943976
209,-5.87E-05,0.001328577,0.96477857,9244,1,0.267983892,0.462919441,ATP5PO,0.015572352
210,-0.000810469,0.001311094,0.536483713,9192,1,0.412637599,6.48E-05,ATP6AP2,0.270443458
211,0.001521185,0.001366337,0.265594881,9372,1,0.989176246,0.072589434,ATP6V1D,0.575780299
212,0.001113052,0.001322164,0.39989842,9228,1,0.618598398,0.829500343,ATP6V1F,0.398050312
213,0.000348344,0.00126389,0.782852888,8009,1,0.015839341,0.000327318,ATP6V1G1,0.106319842
214,0.000844916,0.001273758,0.507141305,7976,1,0.232525816,0.22634816,ATP6V1G2,0.294871016
215,-0.001052915,0.001222745,0.389203807,8197,1,0.005830896,0.000537531,ATRAID,0.40982292
216,8.28E-05,0.001228999,0.94629629,8237,1,0.133923599,0.002301979,ATRN,0.023972862
217,0.000716446,0.001333631,0.591132172,9244,1,0.069389522,0.601426391,ATXN10,0.228315403
218,-0.000174566,0.001256651,0.889522198,7964,1,0.122329583,9.57E-05,ATXN2,0.05084321
219,0.001331282,0.001276459,0.297002821,8208,1,0.180549306,0.162239758,ATXN2L,0.527239426
220,0.000162928,0.00126152,0.897240373,8212,1,0.412064048,7.52E-07,ATXN3,0.047091193
221,0.001416539,0.001345947,0.292621359,9371,1,1.673355612,0.76748576,AXIN1,0.533693976
222,0.001927661,0.001325043,0.145760649,9405,1,0.463603902,0.053250864,AXL,0.836359706
223,0.000844652,0.001268716,0.505587356,8208,1,0.332326111,0.004622992,AZI2,0.296203796
224,-0.001154958,0.001304855,0.376113447,9073,1,0.107950755,9.71E-12,AZU1,0.42468114
225,-0.002709627,0.001188564,0.022648063,8237,1,0.007236431,2.89E-29,B2M,1.644968945
226,-0.001682556,0.001288942,0.191802159,7976,1,0.571035929,0.002292638,B3GAT3,0.717146509
227,0.005628091,0.001222294,4.20E-06,8009,2,0.007762758,3.93E-07,B3GNT7,5.376970996
228,-0.000672613,0.001293778,0.60315746,9448,1,0.316175874,0.498699116,B4GALT1,0.219569297
229,0.001215341,0.001286653,0.344899905,9418,1,1.723100769,0.01349986,B4GAT1,0.462306926
230,-0.000161493,0.001257667,0.897830278,7992,1,0.029081754,0.620959024,BABAM1,0.046805753
231,-0.000105975,0.00135222,0.93753481,9371,1,0.103489533,0.000444155,BACH1,0.028012598
232,0.012469105,0.001306391,1.71E-21,9333,1,0.014247396,0.089867575,BAG3,20.76664759
233,0.000597478,0.001260577,0.635532938,7992,1,0.035958549,1.69E-12,BAG4,0.196861936
234,0.005490471,0.001318134,3.14E-05,9236,1,1.814264266,1.53E-06,BAG6,4.503448222
235,-0.00352471,0.001266232,0.005386589,9192,1,0.108766552,0.220537451,BAIAP2,2.268686172
236,-6.11E-05,0.00129888,0.962474877,9192,1,0.483123363,0.018999598,BAMBI,0.016610598
237,0.000966167,0.001343361,0.47202573,9371,1,0.579304423,0.036950154,BANK1,0.326034327
238,-0.001112694,0.001233934,0.367218752,8212,1,0.151198926,1.40E-10,BAP18,0.43507515
239,-0.00260081,0.001291001,0.043983296,8000,1,0.333139126,0.079343113,BATF,1.356712226
240,-0.000750043,0.001332168,0.573432033,9231,1,0.078118237,0.066385982,BAX,0.24151805
241,-0.002392562,0.001325636,0.071131635,9418,2,0.029526011,0.066547361,BCAM,1.147937206
242,-0.00216648,0.001231843,0.078656013,9346,1,2.359879383,2.52E-08,BCAN,1.104268071
243,0.001416708,0.001260344,0.261018451,8213,1,0.00432063,2.64E-10,BCAT1,0.583328792
244,-0.002398556,0.001251266,0.055286043,7964,1,0.008035624,0.016592583,BCAT2,1.257384491
245,-0.000171845,0.001196842,0.885834345,8062,1,0.034345223,2.65E-13,BCHE,0.052647486
246,5.46E-05,0.00122884,0.964580565,8197,1,0.190591593,4.46E-14,BCL2,0.015661493
247,0.000551923,0.001275366,0.665202872,8212,1,0.02035431,0.523206869,BCL2L1,0.177045885
248,-0.001357763,0.001346383,0.313263227,9371,1,0.226491803,0.366657277,BCL2L11,0.504090583
249,-0.000509576,0.00127353,0.689072233,7992,1,0.013766393,6.26E-11,BCL2L15,0.16173525
250,-0.000116106,0.001273885,0.927381014,7936,1,0.018717058,0.69530471,BCL7A,0.0327418
251,-0.000559031,0.001289307,0.664597467,8177,1,0.441365958,0.186962421,BCL7B,0.177441318
252,0.000427256,0.001335487,0.749032301,9371,1,0.921534855,0.01495494,BCR,0.125499454
253,0.00085102,0.001274581,0.504352592,8231,1,2.016132954,0.228544628,BDNF,0.297265743
254,0.000114531,0.00126201,0.927691512,8009,1,0.002852659,9.92E-10,BECN1,0.032596417
255,0.000337949,0.001263964,0.789189631,7936,1,0.011913213,0.142276035,BEX3,0.102818629
256,-0.005786322,0.001190744,1.20E-06,8231,1,0.81482255,1.08E-09,BGLAP,5.921135011
257,0.001434279,0.00131027,0.273701589,9179,1,0.125051968,0.001104368,BGN,0.562722681
258,-0.000167498,0.001283025,0.896134982,7964,1,0.097293043,0.017989034,BHLHE40,0.047626569
259,-0.000508911,0.001273118,0.689361507,7976,1,0.392989144,0.102820367,BHMT2,0.161552971
260,0.000254941,0.001351428,0.850374794,9371,1,2.43915034,0.014275088,BID,0.070389621
261,0.003318369,0.001358071,0.014566113,9418,1,0.83594276,0.352105505,BIN2,1.836656313
262,0.000405049,0.001330003,0.760717571,9192,1,0.405410122,0.009405041,BIRC2,0.118776552
263,0.008490124,0.00134336,2.73E-10,9489,1,0.711561572,0.000156423,BLMH,9.563473118
264,-0.001300956,0.001256628,0.30057168,7992,1,0.083226345,6.90E-08,BLNK,0.522051941
265,-0.000476211,0.001270569,0.707818219,7964,1,0.014342502,0.370890858,BLOC1S2,0.150078263
266,0.001373128,0.001289076,0.286815281,8212,1,0.409499715,0.045511952,BLOC1S3,0.542397714
267,0.000402844,0.001343677,0.764331122,9418,1,1.647421282,2.26E-14,BLVRB,0.116718456
268,0.003175402,0.001175859,0.006938166,8038,2,0.028253014,1.36E-13,BMP10,2.158755287
269,0.007049671,0.001321715,9.85E-08,9333,1,0.165013711,0.001941782,BMP4,7.006694658
270,0.004367814,0.001327267,0.001002668,9222,1,0.310431186,0.00780877,BMP6,2.998842902
271,-0.005910357,0.001221618,1.34E-06,8038,1,0.022789466,0.00983549,BMPER,5.874500217
272,0.000538993,0.001279713,0.673632639,8213,1,0.053200765,0.614908684,BNIP2,0.171576879
273,-6.48E-05,0.001263198,0.959077315,7992,1,0.198351542,1.61E-14,BNIP3L,0.018146381
274,0.003976691,0.00125784,0.001574549,9236,1,0.038718686,0.001321583,BOC,2.802843833
275,-0.001059586,0.001258473,0.399834696,7964,1,0.074974226,2.53E-17,BOLA1,0.398119522
276,0.001214174,0.001249692,0.33128983,8009,1,0.033144137,3.75E-16,BOLA2_BOLA2B,0.479791896
278,0.001364971,0.001243873,0.27251422,9343,1,0.138905105,2.53E-19,BPIFB1,0.564610831
279,-0.002229307,0.001144445,0.051456484,8199,1,0.119062652,3.62E-16,BPIFB2,1.288559889
280,0.000437636,0.001272059,0.730827283,8132,1,0.031283119,0.003150386,BRAP,0.136185248
281,0.000665312,0.001267649,0.599709259,8071,1,0.058177622,0.271981246,BRD1,0.222059246
282,-0.000460371,0.001262034,0.715281507,7964,2,0.023800165,0.802077796,BRD2,0.145523003
283,-0.000474288,0.001270217,0.708866985,7976,1,0.012034865,0.847486485,BRD3,0.14943525
284,-0.000626092,0.001246587,0.615508786,7976,1,0.00672259,0.412747849,BRDT,0.210765744
285,0.002842899,0.001298781,0.028629234,9244,1,1.123107502,1.30E-05,BRK1,1.543190264
286,-0.000580123,0.001285146,0.651708721,7964,1,0.113255288,0.696846089,BRME1,0.185946468
287,0.000148511,0.001282176,0.907792427,8208,1,0.06286476,0.828449391,BRSK2,0.042013445
288,0.001537639,0.001259996,0.222361708,9471,1,0.408044849,0.208620931,BSG,0.652939998
289,-0.002551779,0.001264108,0.043558267,7936,1,0.009963336,0.156929284,BSND,1.360929409
290,0.000125034,0.0013732,0.9274523,9498,1,2.354469333,1.39E-09,BST1,0.032708417
291,-0.000541062,0.001323159,0.68260981,9498,1,1.004208679,0.000396528,BST2,0.165827475
292,5.19E-05,0.001320259,0.968637911,9192,1,0.401064023,0.00831682,BTC,0.013838537
293,0.002808667,0.001243614,0.023942346,8237,1,0.521905008,0.135263589,BTD,1.620833297
294,0.000874574,0.001259322,0.487401325,7936,1,0.007588328,0.040614199,BTLA,0.312113294
295,0.001829481,0.001282105,0.153636743,8165,1,0.145130306,0.392476952,BTN1A1,0.813504908
296,-0.001342478,0.001263251,0.287937776,9448,1,0.200069382,0.243057462,BTN2A1,0.540701355
297,-0.002177903,0.001340364,0.10422629,9371,1,1.429789657,0.716357103,BTN3A2,0.982022722
298,0.000460926,0.001262057,0.714958514,7936,1,0.008038181,0.010297455,BTNL10,0.145719158
299,-0.003018526,0.001243259,0.015204912,9244,1,0.216272261,2.14E-06,C19orf12,1.818016075
300,-0.002300393,0.001274863,0.071202634,7976,1,0.133798674,0.00176571,C1GALT1C1,1.147503942
301,-0.000473483,0.001340304,0.723897099,9455,1,0.035909002,0.077619865,C1QA,0.140323164
302,-0.000629546,0.001291345,0.625908668,8208,1,1.098306306,0.611428789,C1QBP,0.203489034
303,-0.001123155,0.00116688,0.335813437,7992,1,0.010151768,1.55E-14,C1QL2,0.47390193
304,0.003092734,0.001307101,0.017996723,9405,1,0.455667498,0.811457459,C1QTNF1,1.744806574
305,-0.002239075,0.001257903,0.075112746,8038,1,0.046932153,0.000150352,C1QTNF5,1.124286363
306,-0.002885682,0.001278663,0.024047094,8208,1,0.15147131,0.065045379,C1QTNF6,1.618937405
307,0.005969997,0.001257566,2.10E-06,8025,1,0.15743921,0.000302016,C1QTNF9,5.678263268
308,0.000111022,0.001246126,0.929009662,8237,1,0.230434045,1.05E-06,C1R,0.031979769
309,-0.001157751,0.00118262,0.327622965,8219,2,0.029688699,0.003269609,C1RL,0.484625663
310,0.000846584,0.001231791,0.491926472,8237,1,0.099947773,0.000383701,C1S,0.308099806
311,-0.001774886,0.001265072,0.160652164,9389,1,0.051564521,0.108597378,C2,0.79411342
312,-0.000566398,0.001326226,0.669334716,9227,1,0.51892812,0.367774302,C2CD2L,0.174356649
313,-0.000634308,0.001264049,0.615817576,8000,1,0.105977345,0.012862754,C2orf69,0.21054792
314,-0.002610764,0.001179079,0.026841217,7790,1,0.114260195,2.84E-63,C3,1.571197796
315,-0.000233221,0.001262801,0.853479444,9447,2,0.031688419,0.966603828,C4BPB,0.068806934
316,-0.001784758,0.001275916,0.161909095,8237,1,1.845222067,3.87E-11,C5,0.790728755
317,-0.003956604,0.001209527,0.001075451,8029,1,0.048492472,0.00477795,C7,2.968409486
318,0.000579233,0.00126895,0.648066838,8212,1,0.038775283,0.057868875,C7orf50,0.188380201
319,0.000760994,0.001251816,0.543262795,8237,1,0.014570328,0.000241627,C8B,0.264990036
320,-0.002370856,0.001201384,0.048479307,8228,1,0.182907533,2.17E-08,C9,1.314443596
321,0.000822787,0.001277243,0.519470336,8197,1,0.019599794,8.99E-11,C9orf40,0.284439248
322,-0.000734469,0.001288106,0.568560649,9155,1,1.504032892,6.82E-25,CA1,0.245223202
323,0.000787944,0.001317585,0.549840541,9192,1,0.062465054,0.001064064,CA11,0.259763242
324,9.64E-05,0.001316578,0.941613759,9372,1,0.939046288,0.018179526,CA12,0.026127204
325,0.002084944,0.001350748,0.122731749,9347,1,0.257857459,0.520468486,CA13,0.911043076
326,0.005410687,0.001197822,6.35E-06,9482,1,0.016899045,0.019002656,CA14,5.197567778
327,0.000522498,0.001319776,0.692188405,9377,1,0.848724866,9.95E-14,CA2,0.15977568
328,0.00048938,0.001339449,0.714851335,9468,1,0.174128231,5.28E-18,CA3,0.145784268
329,0.002196399,0.001316792,0.095350311,9489,1,0.264211266,0.75508778,CA4,1.020677886
330,-0.004379025,0.001244177,0.000434256,9236,1,0.153047866,2.73E-30,CA5A,3.362254596
331,0.008946391,0.001235654,4.83E-13,9388,2,0.003564142,0.032447613,CA6,12.3158038
332,-0.000476087,0.001267282,0.707167639,8071,1,0.040607377,0.421439436,CA7,0.150477621
333,0.00162071,0.001270967,0.202283415,7992,1,0.111405503,0.025900146,CA8,0.694039723
334,0.000342872,0.001264699,0.786312615,9482,1,0.091938836,0.001386729,CA9,0.104404757
335,-0.001171639,0.001273368,0.357542935,8000,1,0.248999059,0.024134647,CABP2,0.446671799
336,-0.002714886,0.00126633,0.032071145,7964,1,0.08370703,0.039041684,CACNA1C,1.493885533
337,-0.001176958,0.001258281,0.349626046,7976,1,0.062873105,3.45E-05,CACNA1H,0.456396221
338,-0.001794047,0.001266022,0.156500398,7964,1,0.011362244,0.885332039,CACNB1,0.805484554
339,-0.000204937,0.001271669,0.871974412,8208,1,0.147377078,0.29255307,CACNB3,0.059496259
340,0.001662107,0.001267032,0.189621292,8021,1,0.07285182,0.005622647,CACYBP,0.722112899
341,-0.000448818,0.001278457,0.725550959,8000,1,0.299256451,0.494645944,CADPS,0.139332079
342,-0.00336118,0.001271203,0.008204675,9372,1,0.004638443,0.057504797,CALB1,2.085938623
343,-0.002399195,0.001204605,0.046434968,9244,1,0.114238949,0.00286076,CALB2,1.333154849
344,-0.001193887,0.001082202,0.269968205,9330,1,0.0022711,3.20E-20,CALCA,0.568687381
345,-0.002835798,0.001255894,0.023972445,8212,1,0.105959745,1.33E-19,CALCB,1.620287661
346,0.002404529,0.001365,0.078176183,9455,1,0.637011719,0.002812414,CALCOCO1,1.106925539
347,0.000288085,0.001271121,0.820710399,8009,1,0.081092687,0.000155034,CALCOCO2,0.085810064
348,-0.002326965,0.001274849,0.067995214,7976,1,0.082753001,0.000733274,CALY,1.167521652
349,0.000974674,0.001318132,0.459661159,9192,1,0.119478672,0.001439719,CAMKK1,0.337562192
350,-0.00027598,0.001261086,0.826777608,8000,2,0.010414529,0.007624206,CAMLG,0.082611294
351,0.000402218,0.001278499,0.753072019,8208,1,0.077865691,0.004560889,CAMSAP1,0.123163489
352,6.75E-07,0.00129825,0.999585437,9363,1,1.742938471,0.187679709,CANT1,0.00018008
353,-0.001067635,0.001296703,0.410332545,9343,1,0.150554108,0.000328153,CAPG,0.386864036
354,0.004467646,0.001267217,0.000424911,8177,1,0.118542119,0.036547898,CAPN3,3.371702363
355,0.003061056,0.001198699,0.010678027,8212,2,0.010898339,2.11E-29,CAPS,1.971508972
356,0.000598001,0.00129379,0.643942339,9244,1,1.412985765,1.29E-15,CARHSP1,0.191153019
357,-0.000440984,0.001267899,0.727994498,8000,2,0.033558583,0.006976013,CASC3,0.137871903
358,-0.001588096,0.001315222,0.227280812,9244,1,2.204164696,0.195303468,CASP1,0.643437228
359,0.001511538,0.001321733,0.252817859,9244,1,0.618146737,0.482172553,CASP10,0.59719225
360,0.000857936,0.001359424,0.527988861,9371,1,1.291247467,0.345110947,CASP2,0.277375239
361,0.001615091,0.001377349,0.24098226,9489,1,1.031166602,0.510104623,CASP3,0.618014926
362,-0.00190435,0.001285262,0.138463868,8071,1,0.14265578,5.79E-05,CASP4,0.85866354
363,-0.000157719,0.001280373,0.901966196,8212,1,0.300068253,0.0060418,CASP7,0.044809739
364,0.002704296,0.00136423,0.047476087,9461,1,3.05782814,0.078209932,CASP8,1.323525084
365,0.000730182,0.001279175,0.568136212,7992,1,0.057668338,0.232041872,CASP9,0.245547529
366,0.000225272,0.001268063,0.859002115,7976,1,0.553009703,0.048424612,CASQ2,0.066005767
367,0.001283301,0.001232746,0.297901989,8107,1,0.154157232,1.96E-30,CAT,0.525926597
368,-0.001748568,0.001278357,0.171399774,9366,1,0.037991857,0.208532928,CBLIF,0.765989756
369,-0.000502015,0.001274408,0.693650248,7964,1,0.080495087,0.315389013,CBLN1,0.158859454
370,-0.007721911,0.001329482,6.52E-09,9482,1,0.046412777,0.01739238,CBLN4,8.185880718
371,-0.003532487,0.001230284,0.004098921,8009,1,1.000628187,2.52E-18,CBS,2.387330402
372,-0.001184668,0.001277064,0.353617403,7976,1,0.482461538,0.081998893,CBX2,0.451466369
373,0.00182267,0.001333565,0.17173173,9346,1,0.601650374,0.003856483,CC2D1A,0.765149456
374,-0.003321919,0.001281855,0.009572993,8212,2,0.040408988,5.27E-05,CCAR2,2.018952277
375,-0.000523939,0.001274703,0.681062657,8177,1,0.206748788,0.609225325,CCDC134,0.166812931
376,-0.000196613,0.001272607,0.87722241,8000,1,0.123832672,0.12489644,CCDC28A,0.056890282
377,-0.000837084,0.001296383,0.518486866,8208,1,0.138476195,0.002268159,CCDC50,0.28526224
378,-0.007624462,0.001192305,1.69E-10,9380,1,0.019980955,0.056707344,CCDC80,9.773344095
379,-0.009727262,0.001199087,5.71E-16,8009,1,0.039912119,4.18E-14,CCER2,15.24335357
380,-0.000949896,0.001289772,0.461454357,9483,1,1.564662718,2.43E-05,CCL11,0.335871249
381,-0.000159214,0.001362027,0.90694552,9469,1,0.181874795,0.065074704,CCL13,0.0424188
382,-0.003692279,0.001302589,0.004598608,9331,1,0.097681946,0.034618731,CCL14,2.337373618
383,0.000517059,0.001347651,0.701228472,9489,1,0.18819222,5.12E-11,CCL15,0.154140459
384,-0.000344524,0.00120931,0.775732076,9489,1,0.690221627,8.95E-16,CCL16,0.11028825
385,-0.001310293,0.001321931,0.321615738,9380,1,1.313977747,0.183478756,CCL17,0.492662708
386,0.0024975,0.001240652,0.044137864,9246,1,1.415118954,9.35E-14,CCL18,1.355188692
387,-0.005588511,0.001371342,4.63E-05,9498,1,0.772072983,1.48E-18,CCL19,4.33397643
388,-0.000887656,0.00130188,0.495365837,9333,1,0.103329889,0.176114862,CCL2,0.305073948
389,-0.005008982,0.001342971,0.000192768,9483,1,1.428414072,1.38E-08,CCL20,3.714964092
390,-0.005134815,0.001305735,8.47E-05,9448,1,0.383725509,0.074419608,CCL21,4.072292736
391,-0.007476855,0.00124332,1.88E-09,9318,1,0.015096996,0.173955731,CCL22,8.72524178
392,-0.003022663,0.001266807,0.017050117,9448,1,3.080768134,0.940521003,CCL23,1.768272644
393,-0.000498787,0.001352199,0.712232269,9434,1,0.079647292,0.076747123,CCL24,0.147378354
394,0.002841799,0.001338076,0.03371319,9483,1,5.238122546,1.73E-12,CCL25,1.472200158
395,-0.002620368,0.00134144,0.050801998,9371,1,1.935587732,0.035240961,CCL26,1.294119206
396,-0.002456689,0.001267145,0.052560621,9380,1,1.370309361,0.018814825,CCL27,1.279339512
397,-0.001306836,0.001315875,0.320671854,9339,1,0.376912755,3.16E-07,CCL28,0.493939158
398,-0.000483826,0.001236395,0.69556971,9371,1,0.235921793,1.82E-13,CCL3,0.157659338
399,0.000904036,0.001342234,0.500626283,9408,1,1.273846487,7.79E-07,CCL4,0.300486353
400,-0.00033776,0.001354272,0.803054194,9405,1,1.60354191,0.416871311,CCL5,0.095255145
401,-0.001218577,0.001259801,0.333430712,9371,1,0.07996337,1.36E-13,CCL7,0.4769944
402,-0.002528136,0.001360657,0.063196362,9471,1,3.466730381,0.980863961,CCL8,1.19930792
403,0.002570906,0.001320862,0.051638455,9359,1,0.338075333,0.113008856,CCN1,1.28702676
404,-0.000807261,0.00135705,0.551948442,9403,1,0.756936635,3.13E-06,CCN2,0.258101488
405,0.001929516,0.001205528,0.109508507,9473,1,0.071134196,0.972976501,CCN3,0.960552143
406,-0.000976919,0.001348386,0.468770524,9482,1,1.507674943,0.000442417,CCN4,0.329039705
407,-0.008635292,0.001186282,3.62E-13,9418,1,0.101906638,6.32E-11,CCN5,12.440693
408,0.003338041,0.001278375,0.009040318,8071,1,0.191338667,0.086973095,CCND2,2.043816285
409,0.001240529,0.001289514,0.336072227,7992,1,0.080899481,0.977578758,CCNE1,0.473567376
410,0.002696782,0.001327785,0.042279322,9346,1,0.59117232,1.68E-06,CCS,1.373871991
411,0.000376787,0.001327274,0.776508645,9192,1,0.220039009,0.025825599,CCT5,0.109853705
412,-0.002253392,0.001257449,0.073164435,8197,1,0.022209491,0.038136976,CD101,1.13569998
413,0.00224346,0.001333344,0.092489382,9418,1,3.370018127,0.975719609,CD109,1.033908123
414,8.56E-05,0.001245259,0.945227897,9165,1,0.848558057,0.0021573,CD14,0.024463469
415,0.002027517,0.001316139,0.123470992,9483,1,0.358961192,0.561660038,CD160,0.908435064
416,0.000165798,0.001280916,0.897014375,9405,1,1.132203932,1.34E-05,CD163,0.047200597
417,0.000124225,0.001341976,0.926248308,9418,1,0.51556012,0.767225438,CD164,0.033272573
418,-0.000854338,0.001273204,0.502230861,8000,1,0.137453964,0.011860249,CD164L2,0.299096604
419,-0.001811377,0.001364259,0.184297422,9407,1,1.180818087,0.32783626,CD177,0.734480739
420,-0.002054988,0.001278517,0.108017231,9447,2,0.007892032,0.0027357,CD1C,0.966506958
421,-0.001149167,0.001269498,0.36537964,7976,1,0.509129028,0.225247966,CD2,0.437255657
422,-0.003122476,0.001266376,0.013693233,9371,1,6.618328213,0.013794249,CD200,1.863494004
423,-0.000183959,0.001333272,0.890262503,9343,1,1.676797738,9.61E-06,CD200R1,0.050481918
424,-0.003434432,0.001281569,0.007378341,9207,1,0.112551814,0.761518871,CD207,2.13204129
425,0.017969388,0.001344817,2.35E-40,9432,1,0.665991196,0.026664056,CD209,39.62915246
426,-0.002257345,0.001273294,0.076287592,9483,1,0.183353904,0.333547126,CD22,1.117546094
427,0.000867054,0.001244686,0.486070345,7992,1,0.008713202,0.002383267,CD226,0.313300874
428,0.000593314,0.001351697,0.660715146,9483,1,0.584368265,0.21582166,CD244,0.179985737
429,0.01209733,0.001198944,8.42E-24,8231,1,0.065543418,7.49E-09,CD248,23.07487654
430,-0.003842545,0.001297059,0.003059065,9447,1,0.481294722,0.40524185,CD27,2.514411363
431,-0.002402374,0.001277449,0.06005709,9346,1,2.210292372,1.57E-07,CD274,1.221435714
432,-0.005669605,0.001269177,8.02E-06,9406,1,0.408879267,1.10E-05,CD276,5.095850825
433,-0.005608472,0.001274673,1.10E-05,9192,1,0.63609983,0.027605511,CD28,4.960554105
434,0.001414364,0.00131597,0.282505752,9380,1,1.149945435,0.002718908,CD2AP,0.548972704
435,-0.001806769,0.001204074,0.133512183,8038,1,0.012203498,4.08E-09,CD300A,0.874479102
436,-0.001211673,0.001276861,0.342671943,9498,1,4.644368729,0.098551638,CD300C,0.465121452
437,-0.005385158,0.001229436,1.20E-05,9450,1,0.110057487,2.86E-05,CD300E,4.921333998
438,-0.004036433,0.00126991,0.001485065,9482,1,0.292831811,0.02695878,CD300LF,2.828254666
439,0.004529597,0.001263155,0.000337573,9418,1,0.896576127,0.01528846,CD300LG,3.471632409
440,-0.004301322,0.00121674,0.000409559,9372,1,1.078078713,0.004546465,CD302,3.38768364
441,-0.00307826,0.001376462,0.025351678,9447,1,1.631481904,0.082681415,CD33,1.595993282
442,0.0136169,0.001316419,6.06E-25,9482,1,1.518605147,1.73E-07,CD34,24.21785787
443,-0.001565062,0.001221534,0.200151353,7992,1,0.335963738,2.96E-30,CD36,0.69864147
444,-0.005722708,0.001060929,7.06E-08,9372,2,0.006369691,5.03E-07,CD38,7.151409294
445,-0.002206991,0.001264081,0.080862531,7964,1,0.053351123,0.659678083,CD3D,1.092252667
446,0.000637926,0.0012687,0.615105417,8071,1,0.121986782,0.380427359,CD3E,0.211050448
447,-0.001424511,0.00126791,0.261254505,7992,1,0.039161055,0.000672794,CD3G,0.582936212
448,-0.005707695,0.001268509,6.89E-06,9352,1,0.909341842,8.09E-05,CD4,5.161609313
449,0.004545537,0.001342143,0.000710098,9394,1,0.365980352,0.000935214,CD40,3.148681594
450,0.001077439,0.001376224,0.433708297,9483,1,0.187287784,0.011988271,CD40LG,0.362802269
451,0.001035893,0.001293195,0.423132295,9295,1,0.604758281,0.000774743,CD46,0.373523826
452,-0.000845498,0.001322954,0.522774178,9434,1,1.251791424,0.316875548,CD48,0.281685872
453,-0.004513671,0.00130041,0.000520917,9471,1,0.049491486,0.001058464,CD5,3.283231165
454,0.002124083,0.001236213,0.085791058,9074,1,0.099901021,0.001626003,CD55,1.066557974
455,0.003592537,0.001321142,0.006554728,9393,1,0.096237519,0.439863745,CD58,2.183445326
456,7.65E-05,0.001124882,0.945798525,9055,1,0.128615018,7.96E-08,CD59,0.024201368
457,-0.004224759,0.001265229,0.000844187,8183,1,0.185976666,4.63E-08,CD5L,3.073561453
458,0.001473684,0.001321056,0.264649726,9471,1,0.062719803,0.997026664,CD6,0.577328552
459,0.002054441,0.001338734,0.124912296,9333,1,2.806204184,0.00628481,CD63,0.903394809
460,0.001389184,0.001331001,0.296644931,9327,1,0.365227387,0.186963185,CD69,0.527763068
461,-0.000378226,0.001251157,0.762430512,7974,3,0.014648716,9.24E-05,CD7,0.117799732
462,0.001157441,0.001293613,0.370951718,9371,1,0.955396532,0.00151732,CD70,0.430682613
463,-0.004586549,0.001176074,9.70E-05,8038,1,0.000709939,3.28E-10,CD72,4.013113117
464,-0.002749336,0.001241574,0.026825206,9498,1,0.08694175,3.78E-06,CD74,1.571456936
465,0.00095232,0.001308941,0.466907204,9483,1,0.669054963,0.736539995,CD79B,0.330769425
466,-0.005007242,0.001202248,3.15E-05,8213,1,0.038191257,5.34E-09,CD80,4.502126233
467,-0.000757124,0.00127711,0.55330374,8071,1,0.192311862,0.233027848,CD82,0.257036394
468,-0.006195854,0.001232933,5.12E-07,9371,1,0.033024999,0.486751541,CD83,6.290764975
469,0.001523008,0.001352636,0.260213359,9371,1,0.234749421,0.00175651,CD84,0.584670411
470,0.001375305,0.001239798,0.267334668,8197,1,0.051966002,0.351092547,CD86,0.572944718
471,-0.001655735,0.001346627,0.218898921,9498,1,0.407664689,0.002003397,CD8A,0.65975638
472,0.006020274,0.001254908,1.63E-06,9064,1,0.255226695,9.37E-07,CD93,5.786957906
473,0.006260634,0.001133855,3.45E-08,9418,1,0.253548915,2.93E-05,CD99,7.462223794
474,-0.000775475,0.001257671,0.5375163,9418,1,0.024487004,0.021056427,CD99L2,0.269608361
475,0.005903097,0.001228365,1.57E-06,8193,1,0.235409903,1.38E-20,CDA,5.804112369
476,-0.000477808,0.001274935,0.707840746,8212,1,0.071127295,0.720778274,CDAN1,0.150064441
477,-0.000155788,0.00126025,0.901621878,7936,1,0.120253567,0.485690896,CDC123,0.044975559
478,0.000629511,0.001263659,0.618381471,7936,1,0.045751109,0.004621144,CDC25A,0.208743532
479,0.001500117,0.001281394,0.241756843,8179,1,0.216209531,2.53E-06,CDC26,0.616621224
480,-0.001375707,0.0013255,0.299354246,9192,1,0.233719473,0.532103889,CDC27,0.523814577
481,0.002662848,0.001355674,0.049533434,9447,1,2.236223214,0.435111158,CDC37,1.305101558
482,0.001107668,0.001274914,0.384972269,8197,1,0.025753068,0.000397679,CDC42BPB,0.414570553
483,-0.000306732,0.001137576,0.787446007,9346,1,2.160316483,1.21E-06,CDCP1,0.103779215
484,0.004006206,0.001262344,0.001510508,9086,1,0.224937437,2.79E-05,CDH1,2.820876922
485,-0.001358443,0.001149779,0.237441087,9482,1,0.02781407,0.089575596,CDH15,0.624444127
486,0.003271286,0.001302566,0.01204149,9380,1,0.12605873,0.003353579,CDH17,1.919319787
487,-0.002264267,0.001194124,0.057967729,9380,1,0.052609155,0.009149166,CDH2,1.236813716
488,-0.000934092,0.001268464,0.461511069,8071,1,0.009434694,0.935866977,CDH22,0.335817878
489,-0.000520215,0.001259612,0.679620529,8212,1,0.13971658,0.000243943,CDH23,0.167733511
490,-0.003941123,0.001310065,0.002633667,9498,1,0.293978409,3.85E-05,CDH3,2.579439155
491,-0.00136769,0.001271907,0.282270159,7964,1,0.10108504,0.060081184,CDH4,0.549335032
492,0.007277491,0.00135619,8.23E-08,9489,1,0.156268553,1.06E-06,CDH5,7.084369198
493,0.001564486,0.00128244,0.222522362,9380,1,0.503687812,0.036546491,CDH6,0.652626338
494,0.001202138,0.001277325,0.34665918,9244,1,1.755389273,0.009960263,CDHR1,0.460097294
495,-0.0064474,0.001033669,4.64E-10,9372,1,0.012350981,3.51E-17,CDHR2,9.333299344
496,-0.004840486,0.001256101,0.00011718,9380,1,0.594329236,0.789533219,CDHR5,3.93114543
497,0.000525617,0.001267869,0.678469762,7936,1,0.141300309,0.020038282,CDK1,0.168469503
498,-0.000710097,0.001290076,0.582039162,8208,1,0.413098784,0.07131862,CDK5RAP3,0.235047793
499,-0.00234018,0.001253565,0.061963523,7964,1,0.049401491,0.032278586,CDKL5,1.207863899
500,0.001777804,0.001345737,0.18651251,9372,1,0.388226739,0.987250227,CDKN1A,0.729292034
501,0.001138216,0.001363135,0.403739717,9372,1,0.853032302,0.838445876,CDKN2D,0.393898526
502,0.002387965,0.001300113,0.06628051,9372,1,0.005314324,0.058058571,CDNF,1.178614159
503,0.007275166,0.001307357,2.70E-08,9420,1,0.370006828,0.576917352,CDON,7.569172112
504,0.001514438,0.001348105,0.261303715,9449,1,3.403493311,0.068685378,CDSN,0.582854416
505,0.003060991,0.001283665,0.0171187,9447,1,0.145961895,6.11E-11,CEACAM1,1.766529211
506,3.34E-05,0.001176431,0.977365451,8197,1,0.000760614,7.00E-16,CEACAM16,0.009943017
507,-0.000573189,0.001265335,0.650565253,8071,1,0.102533239,0.032049208,CEACAM18,0.186709136
508,-0.000151336,0.001257875,0.904239879,8197,1,0.032349761,1.80E-05,CEACAM19,0.043716344
509,-0.000359653,0.001281957,0.779063101,8071,1,0.145847978,0.321139896,CEACAM20,0.108427365
510,-0.000475243,0.00135702,0.726188704,9371,1,0.405282531,3.38E-08,CEACAM21,0.138950511
511,-0.003031596,0.001333198,0.022993358,9192,1,0.176866626,0.827922582,CEACAM3,1.638397597
512,0.005574854,0.001261421,1.00E-05,9094,1,0.923491908,0.02131973,CEACAM5,4.999664602
513,-0.002383906,0.001197901,0.046616359,8231,1,0.118889917,0.000270082,CEACAM6,1.331461651
514,-0.005708563,0.001245785,4.66E-06,9236,1,0.717791937,1.94E-06,CEACAM8,5.331679685
515,-0.002739417,0.001270254,0.031067398,7992,1,0.089558416,3.89E-10,CEBPA,1.507695121
516,-0.002960117,0.001307219,0.023570237,9236,1,0.444260041,0.672336787,CEBPB,1.627636047
517,0.001261801,0.001225803,0.303337444,8231,1,0.029708312,4.10E-12,CELA2A,0.518073977
518,0.002131813,0.001333085,0.109818967,9474,1,0.067365381,5.22E-07,CELA3A,0.959322647
519,-0.003947316,0.001213077,0.00114276,8038,3,0.003521448,0.000338886,CELSR2,2.942045002
520,-0.001540986,0.001239392,0.213779128,7992,1,0.143427972,1.34E-06,CEMIP2,0.670034698
521,-0.002576621,0.00126026,0.040935557,7964,1,0.48752915,3.81E-11,CEND1,1.387899296
522,0.001297904,0.001258257,0.302332608,8071,1,0.440348676,1.45E-13,CENPF,0.51951501
523,-0.002157256,0.001259561,0.086805538,8071,1,0.057892369,0.005262041,CENPJ,1.061452569
524,-0.001307346,0.00127151,0.303894629,7976,1,0.793687813,2.97E-07,CEP112,0.517276976
525,0.000427908,0.001268566,0.735887508,7936,1,0.277162484,0.140604681,CEP152,0.133188569
526,-0.003486998,0.001333956,0.008962707,9256,1,0.435513686,0.20907922,CEP164,2.047560821
527,0.000723828,0.001277757,0.571080995,8009,1,0.035405111,1.85E-06,CEP170,0.243302293
528,-0.000196141,0.00132254,0.88210451,9192,1,0.06989249,0.604084783,CEP20,0.054479958
529,-0.00010976,0.001284281,0.931894389,8071,1,0.041138885,0.279130912,CEP290,0.030633303
530,0.000645908,0.001265737,0.609854326,7936,1,0.366161654,0.683612327,CEP350,0.214773891
531,8.67E-06,0.001304521,0.994697899,9196,1,0.26001838,0.543558306,CEP43,0.0023088
532,0.001048136,0.001316214,0.425863132,9192,1,0.620544899,0.849602047,CEP85,0.370729956
533,0.000426795,0.001323625,0.747123931,9244,1,0.461010907,0.81342075,CERT,0.126607352
534,-0.002700386,0.001219615,0.026843751,9419,1,0.033636497,0.001324646,CES1,1.571156792
535,0.00310024,0.001296054,0.016773707,9372,1,0.034445503,8.32E-06,CES2,1.775370939
536,-0.001037362,0.001338272,0.438270352,9372,1,0.54634641,1.16E-08,CES3,0.358257907
537,0.001532672,0.001328219,0.248558912,9244,1,3.74699104,0.891423259,CETN2,0.604570661
538,0.00018016,0.001279419,0.888020681,8197,1,0.112929027,0.037331088,CETN3,0.05157692
539,-0.003151664,0.001136887,0.005580916,8065,1,0.565496926,1.60E-31,CFB,2.253294517
540,-0.006164683,0.001302528,2.25E-06,9192,1,0.493131734,0.004886977,CFC1,5.648418269
541,-0.004942063,0.001167718,2.34E-05,8237,1,0.001936906,3.19E-07,CFD,4.630986471
543,-0.002256794,0.001251459,0.071373322,8171,1,0.115111439,0.217311819,CFHR2,1.146464092
544,-0.000691619,0.001262472,0.583824022,8218,1,0.161715948,0.083316426,CFHR4,0.233718039
545,-0.000158545,0.001230893,0.897515459,8111,1,0.012831947,0.054154206,CFHR5,0.046958062
546,-0.001366695,0.001125184,0.224537707,8237,1,0.065763825,6.36E-24,CFI,0.648710717
547,0.001918146,0.001195573,0.108670016,8237,1,0.110571763,0.001301695,CFP,0.963890267
548,0.002649089,0.001046893,0.011408518,9418,8,0.000102418,0.039058294,CGA,1.942770756
549,0.002025957,0.00119666,0.090491661,8228,1,0.000792981,2.58E-07,CGB3_CGB5_CGB8,1.043391441
550,-0.002476393,0.001272648,0.051706726,8000,1,0.138689668,0.486674651,CGN,1.286452964
551,-0.000769209,0.001340799,0.566188397,9380,1,0.351253333,0.608141931,CGREF1,0.247039035
552,0.000986378,0.001308465,0.450962465,9192,1,0.076576327,0.003093223,CHAC2,0.345859604
553,0.001285339,0.001203662,0.285616972,8038,1,0.151474889,0.11138983,CHAD,0.54421599
554,0.003527595,0.00113878,0.001956908,8212,1,0.517335754,2.43E-32,CHCHD10,2.708429643
555,-0.001193385,0.001247195,0.338668582,8177,1,1.119263282,1.85E-14,CHCHD6,0.470225091
556,0.000101593,0.001332343,0.939220811,9236,1,0.082950518,0.855816995,CHEK2,0.027232293
557,0.000759306,0.001204073,0.528309866,8231,1,0.437862398,5.36E-11,CHGA,0.277111279
558,-0.002458492,0.001282167,0.055210898,9472,1,0.303435689,0.051691454,CHGB,1.257975191
559,-0.0029066,0.001199787,0.015429335,9165,1,0.052646577,0.021072475,CHI3L1,1.811652781
560,-0.001793546,0.001261206,0.155034093,9406,1,0.197203243,5.76E-12,CHIT1,0.809572788
561,-0.000420839,0.001337146,0.752974261,9405,1,0.835141159,3.42E-09,CHL1,0.123219869
562,-0.000185636,0.001265571,0.883386851,8000,1,0.087163524,0.377134707,CHM,0.053849069
563,0.000789605,0.001357359,0.560768457,9346,1,0.548648968,0.441001809,CHMP1A,0.251216424
564,0.002468128,0.001266833,0.051417144,8213,1,0.427195972,0.000301171,CHMP6,1.28889205
565,-0.000554191,0.001267086,0.661851641,7964,1,0.672757338,0.2869717,CHP1,0.17923935
566,-0.006488806,0.001175561,3.48E-08,9434,1,0.000174031,0.009553051,CHRDL1,7.457825161
567,0.003219159,0.001335425,0.015946002,9380,1,0.755815685,0.143568166,CHRDL2,1.797348197
568,-0.001464568,0.001273425,0.250136826,8000,2,0.041981261,0.58802202,CHRM1,0.601822366
569,0.001889551,0.00135643,0.163642855,9447,1,0.310409483,0.008502166,CIAPIN1,0.786102953
570,-0.005970865,0.001196462,6.15E-07,8231,1,0.304871622,0.788606152,CILP,6.211258311
571,0.001085145,0.001264339,0.390768765,8071,2,0.00917763,0.688208325,CINP,0.408080158
572,0.000214734,0.001278021,0.866571015,8197,1,0.131389161,0.004456105,CIRBP,0.062195841
573,-0.000281875,0.001266576,0.823892358,8000,1,0.559566284,5.21E-09,CIT,0.084129526
574,-0.006329987,0.001272203,6.62E-07,9430,1,0.065016828,0.683435926,CKAP4,6.179190913
575,0.001603729,0.001063171,0.131480558,8231,1,0.009706635,1.77E-43,CKB,0.88113846
576,0.005487173,0.001341327,4.33E-05,9367,1,0.040256065,0.698373633,CKMT1A_CKMT1B,4.363118044
577,0.000284848,0.001264717,0.821809003,7936,1,0.107494852,0.15634814,CLASP1,0.085229105
578,0.000301249,0.001308625,0.817939013,9380,1,0.465051007,1.92E-05,CLC,0.087279077
579,0.017629584,0.001294493,7.75E-42,9346,1,0.340193876,0.027077102,CLEC10A,41.11048429
580,-0.004132658,0.001329042,0.001879641,9402,1,0.474110553,0.106224613,CLEC11A,2.72592504
581,-0.002465079,0.001269537,0.052206745,7992,1,0.068010518,0.015573863,CLEC12A,1.282273384
582,0.003447916,0.001279678,0.007064849,9418,1,1.252185704,0.15238147,CLEC14A,2.150897134
583,0.005909851,0.001294104,5.02E-06,9236,1,0.145598153,0.054853921,CLEC1A,5.29949729
584,0.002287629,0.00137447,0.09607113,9498,1,1.847608346,0.060146166,CLEC1B,1.017407102
585,-0.000891572,0.001260601,0.479425981,8000,1,0.194758828,0.580115897,CLEC2L,0.319278435
586,0.007639429,0.001230649,5.65E-10,8024,1,0.075376404,0.002787577,CLEC3B,9.248230337
587,0.019873365,0.00130567,1.07E-51,9371,1,0.027443399,0.353323839,CLEC4A,50.97146781
588,0.000370941,0.001330272,0.780369078,9371,1,0.894456815,0.001346691,CLEC4C,0.107699948
589,-0.007719958,0.001235933,4.39E-10,9371,1,1.426079389,0.502930952,CLEC4D,9.357821289
590,-0.000751561,0.001310321,0.566272636,9371,1,0.894352093,0.024623072,CLEC4G,0.246974424
591,0.015754939,0.001250414,4.56E-36,8220,1,1.015101039,3.28E-08,CLEC4M,35.34077143
592,-0.002351513,0.001237619,0.057459951,9339,1,1.381478285,1.27E-05,CLEC5A,1.240634747
593,-0.006179637,0.001268606,1.13E-06,9192,1,0.215179106,0.00168024,CLEC6A,5.947779983
594,-0.002728599,0.00129944,0.035770492,9483,1,0.628106682,1.44E-11,CLEC7A,1.446475092
595,-0.000513422,0.001261338,0.68398544,8000,1,0.22071492,0.005435128,CLGN,0.164953143
596,0.002664844,0.001281211,0.03756262,8000,1,0.047360317,0.00141196,CLIC5,1.425244128
597,-0.001436523,0.001270079,0.258068326,7936,1,0.011588648,0.053453097,CLINT1,0.588265295
598,0.001087139,0.001351071,0.421042512,9371,1,0.095053523,0.683801506,CLIP2,0.375674052
599,-0.006962135,0.001095971,2.22E-10,9482,4,0.000209628,0.004036851,CLMP,9.654398158
600,0.000931194,0.001275575,0.465399924,8000,1,0.03438987,0.010944934,CLNS1A,0.332173692
601,-2.19E-05,0.00133256,0.986883996,9330,1,0.111002581,0.656759057,CLPP,0.005733894
602,0.002053478,0.001324119,0.120977097,9397,1,0.899743082,0.027312132,CLPS,0.917296841
603,-0.001142192,0.001336043,0.392625006,9228,1,0.178950646,0.233625005,CLSPN,0.406022044
604,-0.000327169,0.001328451,0.805472065,9244,1,0.28054527,0.826672596,CLSTN1,0.093949517
605,0.002244407,0.001327258,0.090867751,9483,1,0.238254683,0.010302349,CLSTN2,1.041590219
606,-0.002759463,0.001240016,0.026085264,8212,1,0.07721603,4.04E-06,CLSTN3,1.583604765
607,-0.00144711,0.001337534,0.279314511,9236,1,1.532831419,0.032541059,CLTA,0.553906501
608,-0.000574508,0.00124613,0.644786234,8237,1,0.303820385,3.06E-06,CLU,0.190584243
609,0.001537341,0.001240007,0.215086361,9371,1,0.583101985,0.01730786,CLUL1,0.667387128
610,0.000658745,0.001272233,0.604621376,8213,1,0.38422568,0.089478155,CMC1,0.218516503
611,0.000709028,0.001278591,0.579225586,8177,1,0.067722311,0.531249293,CMIP,0.237152263
612,0.006123996,0.001328183,4.06E-06,9405,1,1.755123435,0.497349207,CNDP1,5.391036869
613,-0.001504235,0.001260581,0.232792397,7964,1,0.131126454,0.525828753,CNGB3,0.633031208
614,0.001003318,0.001281401,0.433659128,7976,1,0.401672865,0.349222256,CNP,0.362851508
646,-0.000725052,0.001350004,0.591229655,9244,1,2.408916811,0.314472829,COPE,0.228243791
647,0.003379104,0.001244313,0.006629034,8009,1,0.015025012,3.58E-12,COQ7,2.17854973
648,0.001025565,0.001314216,0.435197566,9186,1,0.769673254,0.000412888,CORO1A,0.361313542
649,0.002414202,0.001267363,0.056828914,7964,1,0.021715464,0.000601838,CORO6,1.245430644
650,-0.000771057,0.001351533,0.568348699,9372,1,2.064318597,0.013109721,COX5B,0.24538513
651,-0.000552145,0.001282641,0.666861114,8213,1,0.09372712,0.856343184,COX6B1,0.175964606
652,-0.000909002,0.001336935,0.496575186,9489,1,0.241972952,0.152203886,CPA1,0.304014986
653,0.005723621,0.001337718,1.90E-05,9461,1,0.249033669,0.314461346,CPA2,4.721503679
654,-0.0031135,0.001242559,0.012240414,7884,1,0.246234555,0.005630786,CPA4,1.9122039
655,-0.001090631,0.001334302,0.413732456,9489,1,0.052500435,0.865261236,CPB1,0.383280409
656,-0.000265017,0.001253938,0.832620901,8218,1,0.781775038,0.001116379,CPB2,0.079552691
657,0.000531091,0.001357274,0.695589704,9437,1,0.158404094,8.80E-05,CPE,0.157646855
658,-0.000875934,0.001290729,0.4973889,7936,1,0.051368045,0.174309953,CPLX2,0.303303911
659,-0.002183613,0.001150762,0.057787533,9462,1,0.093175875,0.054464835,CPM,1.238165847
660,-0.000444266,0.001252609,0.72284464,7992,1,0.185970693,8.85E-05,CPOX,0.140955035
661,-0.001076942,0.00133917,0.421309356,9498,1,4.524718555,6.83E-05,CPPED1,0.375398897
662,-0.002456135,0.001243023,0.048195308,8218,1,0.653048493,0.000103707,CPQ,1.316995237
663,-5.85E-05,0.001281342,0.963573669,7976,1,0.011445712,0.003644873,CPTP,0.016115076
664,-0.002329781,0.001371765,0.089468667,9467,1,0.885077879,0.573174401,CPVL,1.048329034
665,-0.001983168,0.001359127,0.144557597,9447,1,1.563228566,0.708186092,CPXM1,0.839959079
666,-0.004962498,0.001206123,3.92E-05,8213,1,0.007560258,0.000151064,CPXM2,4.406766283
667,0.001024317,0.001225129,0.403129055,8195,1,0.130470128,5.03E-05,CR1,0.3945559
668,-0.002393274,0.001320483,0.069952804,9405,1,0.055541065,0.015083175,CR2,1.155194875
669,0.001347198,0.001316811,0.306298792,9192,1,0.565605952,0.01696833,CRACR2A,0.513854716
670,0.002173622,0.001337734,0.104227591,9330,1,3.18722874,0.250661226,CRADD,0.982017299
671,-0.000234681,0.001260574,0.852315996,7936,1,0.229392437,0.912698946,CREB3,0.069399361
672,-0.000982478,0.001254561,0.433577135,7936,1,0.011780601,0.045985042,CREBZF,0.362933629
673,-0.002612981,0.001280604,0.041335936,9308,1,0.20424615,8.69E-05,CREG1,1.383672227
674,0.000366288,0.00120921,0.761962387,8038,2,0.008675782,6.45E-15,CRELD1,0.118066466
675,0.001251991,0.001348287,0.353131187,9434,1,0.333750883,0.43525377,CRELD2,0.452063926
676,0.005874618,0.001283036,4.74E-06,9177,1,2.730786726,0.000795779,CRH,5.324148224
677,-0.000783732,0.001248482,0.530184417,9406,1,2.543697118,0.013088102,CRHBP,0.275573041
678,0.00039357,0.001330497,0.767384459,9236,1,1.181119081,0.486508496,CRHR1,0.114987
679,3.44E-06,0.001284563,0.99786183,9448,1,0.260835851,0.047708303,CRIM1,0.00092959
680,-0.001889881,0.001231406,0.124882923,9346,1,0.593465119,6.88E-09,CRIP2,0.903496945
681,-0.001138042,0.00115436,0.324225027,9482,1,0.006135564,0.009098176,CRISP2,0.489153464
682,-0.001875952,0.00121034,0.121195429,8144,1,0.041996885,4.33E-10,CRISP3,0.916513761
683,0.002054357,0.001359488,0.130790256,9421,1,0.362764496,0.237006071,CRKL,0.88342461
684,-0.001354339,0.001294392,0.295443343,9448,1,0.102613454,0.448903396,CRLF1,0.529525791
685,-0.000392134,0.001262822,0.756170859,9127,1,0.142800002,0.179554316,CRNN,0.121380063
686,0.01221949,0.001282629,2.02E-21,9489,1,0.744168225,0.936379651,CRTAC1,20.69452319
687,-0.003503209,0.001325902,0.008252355,9346,1,0.070643496,0.068284175,CRTAM,2.083422103
688,9.09E-05,0.001256107,0.942315244,8000,1,0.002198746,0.00014586,CRTAP,0.025803783
689,-0.003046499,0.00133136,0.022144907,9236,1,0.073437023,0.357357332,CRX,1.654726143
690,0.000506341,0.001279175,0.692237957,8213,1,0.18460017,6.44E-08,CRYBB1,0.159744591
691,-0.004310426,0.001236391,0.000492322,8212,1,0.024922344,2.84E-07,CRYBB2,3.307750887
692,-0.00138044,0.001258081,0.272560594,8212,1,0.005656711,0.228127932,CRYGD,0.564536934
693,-0.000467986,0.001270058,0.712527793,7964,1,0.203817017,1.75E-05,CRYM,0.147198191
694,0.001600371,0.001264189,0.205576113,8009,1,0.009152152,0.002213583,CRYZL1,0.68702735
695,-0.000266222,0.001269067,0.833846437,7976,1,0.068302682,0.079678108,CSDE1,0.078913923
696,-0.001684013,0.001248758,0.177513821,9448,1,0.405327597,0.020136352,CSF1,0.750767828
697,-0.002225975,0.001209016,0.065636237,8228,1,0.241027606,5.03E-05,CSF1R,1.182856323
698,-5.76E-05,0.001239828,0.962924989,7976,1,0.593766133,0.000780427,CSF2,0.016407543
699,-0.00240207,0.001346776,0.074526058,9346,1,1.030492904,0.10125358,CSF2RA,1.127691851
700,-0.001812526,0.001268714,0.153148864,7992,1,0.019993011,0.051747917,CSF2RB,0.814886221
701,-0.002110931,0.001277525,0.09849509,9256,1,0.792009057,0.001680817,CSF3,1.006585419
702,-0.003111978,0.001240212,0.012119125,7992,1,0.052569615,4.22E-06,CSF3R,1.916528746
703,0.000925904,0.001282805,0.470449932,8228,1,0.01629876,0.030485126,CSH1,0.32748659
704,0.001299694,0.001259511,0.302148551,7992,1,0.045401159,0.01064954,CSNK1D,0.519779483
705,0.000754882,0.001262399,0.549873942,8208,1,0.58571544,1.25E-05,CSNK2A1,0.259736861
706,0.005047954,0.00116043,1.38E-05,8231,1,0.077559606,5.39E-17,CSPG4,4.860950047
707,-0.002621963,0.001248974,0.035822555,7964,1,0.019854788,0.000298918,CSPG5,1.445843444
708,0.005349105,0.001242602,1.69E-05,7976,1,0.042353567,6.28E-14,CSRP3,4.77168002
710,-0.00306416,0.001152334,0.007848494,9392,1,0.068732985,0.001239105,CST3,2.105213662
711,0.00079523,0.001284594,0.535897614,9241,1,0.958893471,9.41E-06,CST5,0.270918176
712,-0.002945403,0.001228591,0.016532583,9165,1,0.212350949,0.000253223,CST6,1.781659298
713,-0.003871986,0.001325283,0.003490344,9408,1,0.859081712,0.03299067,CST7,2.457131753
714,-0.003513075,0.001268151,0.005612775,9283,1,0.378741185,1.12E-06,CSTB,2.250822402
715,-0.000757512,0.001284283,0.555319522,8055,1,0.146711863,0.046988577,CTAG1A_CTAG1B,0.255457058
716,-0.001527587,0.001223009,0.211686469,8108,1,0.01446788,0.000222417,CTBS,0.674306901
717,-9.03E-05,0.001328873,0.945817512,9236,1,0.403654119,0.8137942,CTF1,0.024192649
718,0.00087767,0.001119281,0.432982024,8231,1,0.056504446,1.12E-09,CTHRC1,0.363530133
719,-0.002724724,0.001284531,0.033936366,8231,1,0.597888294,0.095109565,CTLA4,1.469334664
720,-0.000950078,0.001266873,0.453313443,7964,1,0.034525068,0.025619023,CTNNA1,0.343601402
721,0.000257724,0.00133431,0.846844583,9418,1,0.271024302,0.001647505,CTRB1,0.072196286
722,0.000890822,0.001307321,0.495628627,9399,1,0.082382955,0.000218891,CTRC,0.304843617
723,0.001937584,0.001222775,0.113100387,8212,1,0.074543965,5.57E-15,CTRL,0.946535907
724,0.003027046,0.00127238,0.01737766,9380,1,0.18483928,0.661448606,CTSB,1.760008695
725,0.001051405,0.001330605,0.429448324,9386,1,2.293786279,0.000588228,CTSC,0.367089088
726,-0.003242405,0.001144569,0.004623851,8789,1,0.013181953,6.58E-15,CTSD,2.334996182
727,0.001450435,0.001254971,0.247817257,8038,1,0.14302103,1.48E-05,CTSE,0.605868455
728,0.000435608,0.001285517,0.734724234,9447,1,0.057510954,0.163872352,CTSF,0.133875635
729,-0.002615643,0.001303154,0.044761378,9213,1,0.94708994,1.27E-06,CTSH,1.349096557
730,-0.000274961,0.00128243,0.830235055,9380,1,0.097084413,0.000412694,CTSL,0.080798933
731,-0.002577359,0.001299868,0.047420228,9483,1,0.244149271,0.153865412,CTSO,1.324036358
733,0.001451349,0.001259355,0.249163905,9458,1,0.075727925,4.48E-05,CTSV,0.603514871
734,-0.002719641,0.001259078,0.030795963,9372,1,0.705825612,0.393007196,CTSZ,1.511506213
735,0.000763959,0.001245377,0.539605827,8000,1,0.009759371,0.013440174,CUZD1,0.267923369
736,-0.001624809,0.001269806,0.200731912,8161,1,0.092840683,1.15E-19,CWC15,0.697383578
737,-0.001650526,0.00130487,0.205940073,9346,1,1.372622556,0.537011485,CX3CL1,0.686259137
738,-0.003774389,0.001358676,0.005480523,9371,1,1.838063587,1.75E-12,CXADR,2.261177961
739,0.001320454,0.001355277,0.329930004,9388,1,0.333899056,0.002430949,CXCL1,0.481578188
740,-0.00409457,0.001266508,0.001229363,9448,1,1.721151973,1.72E-24,CXCL10,2.910319973
741,-0.000496176,0.001322929,0.70762529,9498,1,0.87706263,0.006441599,CXCL11,0.150196654
742,-0.001436745,0.001308025,0.272055109,9256,1,0.697530162,0.025999685,CXCL12,0.565343114
743,-0.008059313,0.001332902,1.54E-09,9498,1,0.368383281,0.001745398,CXCL13,8.813410976
744,0.005112049,0.001153843,9.51E-06,9256,1,0.023866856,8.84E-56,CXCL14,5.021740262
745,-0.001138264,0.00129992,0.381246982,9472,1,0.096771099,0.844372095,CXCL16,0.418793586
746,-0.001692518,0.001070019,0.113736707,9483,1,0.033342392,0.736323488,CXCL17,0.944099351
747,0.003475682,0.001367322,0.011039122,9394,1,0.488047992,0.473219515,CXCL3,1.957065478
748,0.002840488,0.001314797,0.030766981,9347,1,1.001394063,0.665307714,CXCL5,1.511915117
749,0.0018014,0.001366816,0.187551025,9483,1,0.252100147,0.901049073,CXCL6,0.726880557
750,0.001480622,0.001343018,0.270290597,9354,1,0.762945834,0.010264277,CXCL8,0.568169063
751,-0.004298158,0.00124294,0.000546488,9448,1,1.181226792,1.48E-23,CXCL9,3.262419302
752,-0.000769997,0.001276659,0.546436868,7936,1,0.010902391,0.484401521,CYB5A,0.262460007
753,-0.000659615,0.001241246,0.595146694,8106,1,0.005313872,2.56E-11,CYB5R2,0.225375975
754,-0.004248325,0.001279553,0.000903692,7976,1,0.356893447,0.2168813,CYP24A1,3.043979503
755,-0.002881452,0.001280231,0.024430108,7936,1,0.532068018,0.074937083,CYTH3,1.612074617
756,-0.007459108,0.001188001,3.59E-10,8231,1,0.094410506,0.056142896,CYTL1,9.445228301
757,0.001688805,0.001261849,0.180817861,8038,1,0.025894793,0.000235823,DAAM1,0.742758672
758,0.001791158,0.001377942,0.193674063,9482,1,0.595315528,0.325717375,DAB2,0.712928536
759,0.001402759,0.001354415,0.300371834,9448,1,2.759358451,0.000205823,DAG1,0.522340794
760,0.001146164,0.001275999,0.369080652,7992,1,0.129576294,0.194941694,DAND5,0.432878721
761,-0.000640004,0.001261644,0.611973662,7992,1,0.00664624,0.002626606,DAPK2,0.213267269
762,0.000948125,0.001368025,0.488288349,9371,1,2.440619812,0.820638261,DAPP1,0.311323639
763,0.003341589,0.001349692,0.013310854,9330,1,2.711874826,0.078060902,DARS1,1.875794093
764,0.002089212,0.001276951,0.101858225,8208,2,0.017347639,0.117514342,DBH,0.992003894
765,0.000346449,0.001356505,0.798421227,9379,1,1.175637276,3.26E-09,DBI,0.097767925
766,0.001355317,0.001258795,0.281656405,7992,1,0.036947248,0.000168965,DBN1,0.550280369
767,0.001971855,0.001359952,0.14710725,9448,1,0.741166995,0.617345656,DBNL,0.832365922
768,-0.002206575,0.001276905,0.084009263,9447,1,0.297548522,0.912356829,DCBLD2,1.075672824
769,-0.006143192,0.001231073,6.16E-07,8000,2,0.002223661,6.90E-09,DCC,6.210285106
770,0.000509177,0.001262173,0.686655322,7936,1,0.385679139,0.652639003,DCDC2C,0.163261209
771,0.0003328,0.00127052,0.793374287,7936,1,0.012740988,0.004462625,DCLRE1C,0.100521879
772,0.000969398,0.00122571,0.429030422,9236,1,0.937212995,0.001192686,DCN,0.367511911
773,0.001379444,0.001269788,0.277353251,8038,1,0.026068903,0.018896707,DCTD,0.55696674
774,0.002435008,0.001369332,0.075395663,9482,1,0.203561036,0.004558382,DCTN1,1.122653635
775,0.00264971,0.001365374,0.052330998,9372,1,0.593903589,0.828104188,DCTN2,1.281240984
776,0.000624169,0.001317679,0.635733651,9244,1,0.252959082,0.092094748,DCTN6,0.1967248
777,0.006100161,0.001290979,2.33E-06,9380,1,0.410872051,2.08E-06,DCTPP1,5.632244574
778,-0.000452867,0.0012621,0.71973918,7964,1,0.092627144,0.11992646,DCUN1D1,0.142824855
779,-0.001551718,0.001255537,0.216532581,7936,1,0.211054446,0.110570874,DCUN1D2,0.664476748
780,-0.00112353,0.001208774,0.352664854,9447,1,0.389394946,1.22E-05,DCXR,0.452637819
781,-0.00203629,0.001284776,0.113020139,7976,1,0.725772684,0.488445536,DDA1,0.946844162
782,-0.00145964,0.001310304,0.265320271,9372,1,0.199292365,1.19E-05,DDAH1,0.576229567
783,0.00651544,0.001269737,2.93E-07,9366,1,0.132717516,4.14E-06,DDC,6.532418577
784,0.00111038,0.001275612,0.384070358,8208,1,0.024751158,0.00041168,DDHD2,0.41558921
785,0.001018694,0.001251705,0.415757691,8038,1,0.076362482,2.97E-13,DDI2,0.381159708
786,0.000544143,0.001321222,0.680460001,9498,1,0.265867209,0.914297575,DDR1,0.167197398
787,-0.001838013,0.001232246,0.135843765,8231,1,0.313304814,5.33E-19,DDT,0.866960289
788,-0.000892362,0.00126841,0.481746852,8197,1,0.241356496,0.526811313,DDX1,0.317181114
789,0.000430668,0.001259352,0.732378175,8000,1,0.017389917,0.00300216,DDX25,0.135264606
790,-0.001099684,0.001274189,0.388137968,7992,1,0.044564068,0.180705194,DDX39A,0.411013873
791,-0.00087925,0.001266653,0.487606886,7992,1,0.012923398,0.559339974,DDX4,0.311930169
792,-0.002173944,0.001271403,0.087327422,8000,1,0.141862769,0.001540716,DDX53,1.058849362
793,0.00253798,0.001313806,0.053417766,9192,1,1.484559012,1.22E-05,DDX58,1.27231428
794,-0.000311926,0.001358648,0.818418842,9371,1,0.280856454,0.066895925,DECR1,0.087024381
795,-0.004400347,0.001289237,0.000644974,9160,1,0.100702575,0.006199625,DEFA1_DEFA1B,3.190458005
796,0.000174905,0.001243862,0.888177868,7936,1,0.103216452,0.020483496,DEFB103A_DEFB103B,0.051500053
797,-0.001553244,0.001172972,0.185476407,7964,1,0.18578557,8.55E-47,DEFB104A_DEFB104B,0.731711325
798,-0.001056498,0.00127477,0.407256271,7964,1,0.063792744,0.003918272,DEFB116,0.390132219
799,-0.000377232,0.001272888,0.766963446,7964,1,0.014582836,0.749535608,DEFB118,0.115225334
800,0.001079551,0.001225702,0.378469742,9292,1,0.286060152,7.98E-08,DEFB4A_DEFB4B,0.421968836
801,-0.00258288,0.001263376,0.040944231,7976,1,0.417889723,0.367670282,DENND2B,1.387807283
802,0.000857006,0.001260792,0.496691291,7992,1,0.026412396,0.020104737,DENR,0.303913455
803,0.001393196,0.001387386,0.315313857,9483,1,0.59460668,0.0228873,DFFA,0.501256943
804,0.000150441,0.001276197,0.906163891,7964,2,0.021745673,0.000549584,DGCR6,0.042793248
805,0.000786303,0.00126538,0.534356504,7992,1,0.15027629,0.000621259,DGKA,0.2721689
806,0.001040963,0.001333024,0.434879097,9256,1,0.398942325,0.542418243,DGKZ,0.361631466
807,-0.003489621,0.00127338,0.006149411,7976,1,0.089408057,0.200092533,DHODH,2.211166481
808,0.000138116,0.001277674,0.913919321,8177,1,0.012449074,0.003538875,DHPS,0.039092141
809,-0.00043949,0.001272315,0.729783314,8212,1,0.246314998,0.523152592,DHRS4L2,0.136806071
810,0.002108566,0.001337109,0.114839071,9339,1,0.724756007,0.590330252,DIABLO,0.939910331
811,-0.000799694,0.001276177,0.530918052,8000,1,0.029932256,0.360410012,DIPK1C,0.274972508
812,0.002776935,0.001142304,0.015079197,8038,4,0.004764881,1.07E-27,DIPK2B,1.82162179
813,0.001211932,0.001361644,0.373461558,9498,1,1.762068236,0.788782803,DKK1,0.427754096
814,-0.003833985,0.001279107,0.002730063,9489,1,0.394300557,0.007378835,DKK3,2.563827367
815,0.00097429,0.00128364,0.447868164,9327,1,0.25883444,6.90E-09,DKK4,0.348849808
816,0.001854323,0.001319543,0.159972259,9372,1,1.460952632,1.35E-19,DKKL1,0.795955323
817,0.001389159,0.00127321,0.275274723,8212,1,0.40064967,0.272694843,DLG4,0.560233666
818,-0.00088724,0.001290355,0.491728294,8208,1,0.176021538,0.865338577,DLGAP5,0.308274801
819,0.002226049,0.001290576,0.084587299,9489,1,0.005171124,0.18658163,DLK1,1.072694844
820,-0.00152387,0.001261193,0.226971187,9447,1,0.231845904,0.890001149,DLL1,0.644029272
821,-0.000312696,0.001282749,0.807414859,8009,1,0.013123672,6.30E-06,DLL4,0.092903262
822,0.000531221,0.001285305,0.679395404,8009,1,0.541045427,3.49E-18,DMD,0.167877396
823,0.00330581,0.001177323,0.004998591,8009,2,0.01190428,0.005779236,DMP1,2.301152391
824,-0.001445211,0.001276002,0.257413037,7936,1,0.03940964,0.601645509,DNAJA1,0.589369462
825,0.001482261,0.001363885,0.277156195,9442,1,1.98621106,0.086535623,DNAJA2,0.55727541
826,0.000473095,0.001276849,0.711006708,8212,1,0.008000477,3.96E-05,DNAJA4,0.148126302
827,0.001145215,0.001331103,0.389618195,9372,1,0.087840532,0.068002981,DNAJB1,0.40936077
828,0.000424501,0.001282,0.740558977,8197,1,0.025328795,9.74E-06,DNAJB14,0.130440349
829,0.000922294,0.001255879,0.462738011,8038,1,0.146308277,2.78E-13,DNAJB2,0.334664824
830,0.001573235,0.001264215,0.213375543,7962,1,0.084136082,0.02483255,DNAJB6,0.670855361
831,0.001371964,0.001324608,0.300345664,9236,1,0.152662775,0.58411448,DNAJB8,0.522378633
832,0.001378036,0.001274104,0.279474027,8212,1,0.168392447,0.119264004,DNAJC21,0.553658547
833,0.002047692,0.001237313,0.097973729,8009,1,0.014659722,0.00377692,DNAJC6,1.00889036
834,0.000677862,0.001265488,0.592212849,8197,1,0.013194138,2.29E-06,DNAJC9,0.227522174
835,0.008780648,0.001250343,2.33E-12,9388,1,0.580843076,0.048302211,DNER,11.63275957
836,-0.001211459,0.001277773,0.343106158,7964,1,0.662361526,0.233757875,DNLZ,0.464571488
837,0.000470716,0.001275483,0.712100791,8197,1,0.057919947,0.012467202,DNM1,0.147458532
838,0.00047386,0.001294722,0.714379179,8208,1,0.262779266,1.10E-12,DNM3,0.146071212
839,0.001895801,0.001351659,0.160777409,9346,1,0.460996376,3.87E-09,DNMBP,0.793774974
840,0.002273944,0.001244621,0.067733547,8212,1,0.871096026,5.34E-13,DNPEP,1.169196183
841,2.72E-05,0.001343824,0.983834251,9435,1,5.319709342,3.13E-07,DNPH1,0.007078062
842,-0.001767678,0.001277823,0.166595745,8000,1,0.040718912,0.025013922,DOC2B,0.778336096
843,-0.001030649,0.001269757,0.416993802,7964,2,0.013236671,0.670919069,DOCK9,0.3798704
844,0.001160282,0.001271626,0.36156417,8212,1,0.992558748,0.054075335,DOK1,0.441814614
845,0.002188441,0.001346097,0.104032619,9380,1,2.032676582,0.907643571,DOK2,0.982830468
846,-0.002446694,0.001313973,0.062626268,9330,1,1.435006601,0.001798032,DPEP1,1.20324347
847,0.000385352,0.001348327,0.775037451,9372,1,3.082475225,0.75270987,DPEP2,0.110677311
848,-0.002406688,0.001271837,0.058482824,9371,1,0.370872272,1.46E-07,DPP10,1.232971663
849,0.013143943,0.001289301,2.82E-24,9195,1,0.02341089,0.000644717,DPP4,23.54946146
850,-0.000257412,0.001231697,0.834460799,9372,1,0.141185961,1.52E-06,DPP6,0.078594061
851,-0.00106746,0.001306922,0.41407847,9319,1,0.169923015,0.007108843,DPP7,0.38291735
852,-0.001580976,0.001193581,0.185347431,9489,1,0.000307677,0.145142124,DPT,0.732013428
853,-0.000598706,0.00130934,0.647496436,9458,1,1.927092953,8.44E-08,DPY30,0.188762618
854,-0.004301884,0.001311452,0.001040975,9346,1,0.009288704,0.247953033,DRAXIN,2.982559734
855,0.001741861,0.001355816,0.19891757,9372,1,0.485157326,0.525951569,DRG2,0.701326854
856,-0.003650803,0.001226895,0.002931273,9306,1,0.410818842,0.031107978,DSC2,2.532943687
857,-0.001283629,0.001242337,0.301523535,8208,1,0.05318639,1.63E-06,DSCAM,0.520678784
858,0.002159432,0.001272907,0.089832483,9418,1,0.466312327,0.001813569,DSG2,1.046566598
859,0.001466414,0.001276389,0.250635791,9451,1,2.798236576,0.093640048,DSG3,0.600956911
860,0.00036613,0.001299942,0.778217112,9350,1,0.309221655,0.075292114,DSG4,0.108899224
861,0.000974938,0.001262744,0.440090372,8038,1,0.237153227,0.070889833,DTD1,0.356458133
862,0.002876299,0.001211598,0.017620959,8159,1,0.328908619,6.22E-44,DTNB,1.753970454
863,0.002125333,0.001270213,0.094325124,8000,1,0.041932756,0.421889606,DTX2,1.025372616
864,-0.003967555,0.001215623,0.00110322,9372,1,0.1146467,0.001826703,DTX3,2.957337747
865,0.000591468,0.001246801,0.635235794,8213,1,0.009594768,1.72E-06,DTYMK,0.197065038
866,-0.002033181,0.001354757,0.133448857,9236,1,0.23465536,0.331682186,DUOX2,0.874685142
867,0.00302994,0.001249016,0.015293647,8177,1,0.483125141,0.225064135,DUSP13,1.815488927
868,0.001014092,0.001236075,0.412005249,8000,1,0.065871948,6.46E-18,DUSP29,0.385097251
869,0.001163015,0.001321214,0.378740315,9244,1,2.302318242,2.61E-05,DUSP3,0.421658464
870,0.001438246,0.001318473,0.275371069,9244,1,0.052085205,0.067396022,DUT,0.56008169
1056,0.004078542,0.001345896,0.002449327,9395,1,0.17370498,0.000245902,FIS1,2.610953174
1057,0.00012642,0.001284888,0.921625207,8208,1,0.017690396,0.019401356,FKBP14,0.035445656
1058,0.001999021,0.001376942,0.146595296,9440,1,3.311504358,0.7812169,FKBP1B,0.833879966
1059,0.001736333,0.001334075,0.193110582,9346,1,0.107914313,0.009334047,FKBP4,0.714193927
1060,0.002083987,0.001357533,0.124786338,9346,1,0.267364882,0.080580102,FKBP5,0.903832962
1061,-0.000784433,0.001312288,0.550014777,9228,1,0.484720231,0.001567938,FKBP7,0.259625642
1062,0.000410566,0.001268794,0.746258371,8197,1,0.0484531,0.033754332,FKBPL,0.127110784
1063,0.000891615,0.001311951,0.496768724,9192,1,1.103196222,0.491516267,FLI1,0.303845755
1064,-0.000200287,0.001307002,0.878211422,9346,1,1.226396918,0.023427581,FLRT2,0.056400919
1065,0.00169995,0.001339713,0.20451146,9356,1,1.628830178,0.067465963,FLT1,0.689282352
1066,-0.000257156,0.001307603,0.844096458,9192,1,0.022913517,6.00E-06,FLT3,0.073607922
1067,-0.0020216,0.001298075,0.119412824,9483,1,0.210000221,0.138060922,FLT3LG,0.922949031
1068,-0.003436281,0.001303073,0.008376542,9447,1,0.213862026,0.568480776,FLT4,2.076935206
1069,-0.001218994,0.00130586,0.350596911,9244,1,1.211964062,2.42E-10,FMNL1,0.455191914
1070,-0.001440184,0.001336255,0.281161695,9192,1,0.341659478,0.616441123,FMR1,0.551043847
1071,-0.000712834,0.001227764,0.561529071,8237,2,0.000870565,0.000391768,FN1,0.250627755
1072,0.005844675,0.001245106,2.72E-06,8212,1,0.538789195,0.140640594,FNDC1,5.565259593
1073,0.003122943,0.001270798,0.014012714,8177,1,0.253529482,1.14E-09,FNTA,1.85347774
1074,-0.000673443,0.001268247,0.595431587,7992,1,0.336851112,0.001732488,FOLH1,0.22516813
1075,-0.003695982,0.001217712,0.002410441,9422,1,0.009123759,0.003522665,FOLR1,2.61790355
1076,-0.006622437,0.001262262,1.58E-07,9498,1,0.035351995,0.330565028,FOLR2,6.800304986
1077,-0.004928233,0.001334168,0.000222125,9430,1,0.155376662,3.62E-30,FOLR3,3.653402576
1078,-0.001104677,0.001272453,0.385340113,7920,1,0.025572101,0.004928661,FOS,0.414155779
1079,0.000109283,0.001325516,0.934294331,9244,1,1.814227026,0.027994609,FOSB,0.029516286
1080,0.000623922,0.001266606,0.622313315,7992,1,0.212567698,0.009389709,FOXJ3,0.205990907
1081,0.00145893,0.001364858,0.285131181,9371,1,0.079596718,0.128950211,FOXO1,0.544955288
1082,0.001018703,0.001318002,0.439592725,9192,1,1.02917356,0.001773962,FOXO3,0.356949503
1083,0.001069532,0.001265026,0.397878036,7976,1,0.086682165,0.069184702,FRMD4B,0.400250034
1084,-0.001159823,0.001265406,0.359399809,8000,1,0.252657839,0.490373687,FRMD7,0.444422158
1085,-0.003234218,0.001283239,0.01174025,9311,1,0.045306626,0.004894193,FRZB,1.930322673
1086,0.00077986,0.000911834,0.392429601,8009,10,0.000147615,1.13E-99,FSHB,0.406238241
1087,0.002055598,0.001326381,0.12122802,9434,1,1.207605687,1.52E-10,FST,0.916396987
1088,-0.003125376,0.00125756,0.01296565,8009,1,0.013549062,0.009185652,FSTL1,1.887205721
1089,-0.004234978,0.001144319,0.00021609,9392,1,0.127731599,2.45E-05,FSTL3,3.665365844
1090,-0.004856767,0.001169201,3.30E-05,8194,1,0.045188304,3.09E-25,FTCD,4.481283228
1091,-0.000422145,0.001333821,0.751635044,9448,1,1.116172863,0.567206426,FUCA1,0.12399298
1092,-0.005248015,0.001149455,5.05E-06,8038,1,0.034592073,3.54E-10,FUOM,5.29640257
1093,-0.002048164,0.001203801,0.08889825,9447,1,0.025833716,0.232921479,FURIN,1.051106787
1094,-0.001433171,0.00132018,0.277689947,9181,1,0.086918977,7.46E-08,FUS,0.556439843
1095,9.23E-05,0.001292279,0.943075825,8059,1,1.050629474,0.004162051,FUT1,0.025453388
1096,-0.003365999,0.001256275,0.007389287,9498,1,0.352300906,0.498354674,FUT3_FUT5,2.131397448
1097,0.00116814,0.001352597,0.387814881,9346,1,0.994332657,0.13477687,FUT8,0.411375531
1098,-0.000330178,0.001375583,0.810313778,9482,1,0.451592572,0.050941944,FXN,0.091346777
1099,0.001158847,0.001324927,0.381787196,9256,1,0.172311282,0.859563973,FXYD5,0.418178641
1100,0.003012083,0.001340571,0.024671818,9397,1,0.971711527,0.123617969,FYB1,1.607798844
1101,-0.001091567,0.001264189,0.387914702,8000,1,0.013630753,0.006995065,FZD10,0.411263761
1102,-0.00127559,0.00128768,0.321905928,7964,1,0.286025618,0.231100679,FZD8,0.492271026
1103,-0.003001337,0.001282789,0.019323412,8177,1,1.010309289,9.34E-08,GABARAP,1.713916178
1104,-0.001765817,0.001276743,0.166683566,8071,1,0.032303963,0.609412311,GABARAPL1,0.778107216
1105,-0.001941685,0.001267178,0.125490523,7964,1,0.06303084,0.06646608,GABRA4,0.901389069
1106,-0.000714534,0.001255943,0.56942484,7936,1,0.281443764,0.349968824,GAD1,0.244563591
1107,0.001416134,0.00126667,0.263601728,7992,1,0.043027209,0.20189937,GAD2,0.579051747
1108,-0.001002137,0.001276528,0.432448127,8071,1,0.722851779,0.705280341,GADD45B,0.36406598
1109,-0.001504805,0.001272056,0.236856149,8009,1,0.297432164,0.037560572,GADD45GIP1,0.625515336
1110,0.000312035,0.001271467,0.806142421,7936,1,0.025563114,0.50946941,GAGE2A,0.093588225
1111,-0.001489927,0.001278486,0.243893114,9448,1,1.871496025,0.094888018,GAL,0.612800462
1112,-0.000685642,0.001291454,0.595495674,9372,1,0.806043361,0.053625117,GALNT10,0.225121389
1113,0.005867757,0.001310582,7.65E-06,9482,1,0.613686561,0.142171198,GALNT2,5.11629318
1114,-0.001490396,0.001326994,0.261408422,9256,1,1.10177333,0.155026407,GALNT3,0.582680425
1115,-0.003196447,0.001214979,0.008532713,8213,1,0.000907017,6.79E-06,GALNT5,2.068912865
1116,0.003651212,0.001340143,0.006451992,9372,1,0.201540157,0.736040358,GALNT7,2.190306192
1117,0.000254976,0.001265215,0.840291031,7976,1,0.601760279,0.51941984,GAMT,0.075570272
1118,-0.000475247,0.001252946,0.704472978,7866,1,0.039465836,2.84E-13,GAPDH,0.152135661
1119,0.003105758,0.001265147,0.01411463,8208,1,0.505649762,1.42E-06,GART,1.850330488
1120,2.45E-05,0.001264117,0.984532968,8071,1,0.15446509,7.02E-07,GAS2,0.006769737
1121,0.002962789,0.001294464,0.02211213,9418,1,0.666677462,0.189474197,GAS6,1.655369412
1122,-0.000771286,0.001227184,0.529694134,7976,1,0.193767736,0.095927557,GASK1A,0.275974837
1123,-0.002897163,0.001220355,0.017617852,8212,1,0.28559081,4.19E-07,GAST,1.75404705
1124,-0.00054924,0.00127975,0.667805473,7936,1,0.040848787,0.500024424,GATA3,0.175350026
1125,-0.001295228,0.001272324,0.308707948,8009,1,0.387592138,0.000444048,GATD3,0.510452189
1126,-0.002040168,0.001264421,0.106671018,8000,1,0.379646133,0.05530739,GBA,0.971953561
1127,-0.001114697,0.001243575,0.370084016,8195,3,0.020848801,0.001076183,GBP1,0.431699672
1128,-0.000122271,0.001342846,0.927451816,9256,1,0.116124516,0.068232387,GBP2,0.032708644
1129,-0.001568878,0.001341633,0.242280936,9244,1,2.360787066,0.71662291,GBP4,0.615680757
1130,0.000181651,0.001275119,0.886721996,7976,1,0.514166593,0.748232158,GBP6,0.052212518
1131,0.00077881,0.001265315,0.538237029,8237,1,0.346266544,0.016113399,GC,0.269026428
1132,0.000760382,0.001273395,0.550437426,8212,1,0.323595592,0.07663514,GCC1,0.259292045
1133,-0.000447923,0.001292956,0.729025097,9192,1,0.579713618,0.007324129,GCG,0.137257521
1134,-0.002871911,0.001173139,0.014384696,7843,1,0.134838506,1.90E-43,GCHFR,1.842099309
1135,-0.000427314,0.001256783,0.733860683,7976,1,0.084789858,1.85E-07,GCLM,0.13438638
1136,2.74E-05,0.00129819,0.983140036,9372,1,0.684095972,0.028052154,GCNT1,0.007384618
1137,-0.005974541,0.001055574,1.56E-08,9489,1,0.087044724,6.84E-12,GDF15,7.807476281
1138,0.004374263,0.001236213,0.000404452,9380,1,1.544950179,8.04E-10,GDF2,3.393133344
1139,-0.007944584,0.001257544,2.78E-10,9244,1,0.159979083,5.55E-06,GDNF,9.555897508
1140,-0.001119536,0.001285096,0.383687611,8213,1,0.093762642,0.048527315,GET3,0.416022223
1141,-0.003730854,0.001188489,0.001699722,9178,1,0.010687406,0.037264015,GFAP,2.769622069
1142,0.00133047,0.001308482,0.30927311,9192,1,0.702238352,2.50E-10,GFER,0.509657838
1143,-0.000759118,0.001325772,0.566939441,9192,1,0.476564355,0.00509342,GFOD2,0.246463329
1144,-0.009204505,0.001207505,2.72E-14,9472,1,0.002331459,0.212038698,GFRA1,13.56503691
1145,-0.002490429,0.001346315,0.064372191,9372,1,2.163305617,0.214152039,GFRA2,1.191301706
1146,-0.003854884,0.001260797,0.002238268,9329,1,0.572233604,0.000396776,GFRA3,2.650087868
1147,-0.005513436,0.001186608,3.43E-06,7971,1,0.152010262,2.40E-15,GFRAL,5.464407386
1148,-0.002484165,0.001337901,0.063376698,9244,1,0.248533522,0.823344234,GGA1,1.19807039
1149,0.000212637,0.001276865,0.867743461,8213,1,0.23245359,0.003485823,GGACT,0.06160865
1150,-0.000495022,0.00127154,0.697057732,8199,1,0.210172739,0.000326783,GGCT,0.156731251
1151,-0.007741099,0.001192187,8.84E-11,9227,1,0.069523191,1.86E-11,GGH,10.05366245
1152,-0.001960497,0.001151949,0.088808037,9404,1,0.122828041,2.12E-10,GGT1,1.05154773
1153,0.000874329,0.001281966,0.495242095,9346,1,0.522981398,0.023098392,GGT5,0.305182448
1154,-0.00114268,0.001245985,0.359119496,9366,1,0.226075737,2.77E-42,GH1,0.444761017
1155,0.000756211,0.001325025,0.568207369,9192,1,0.026361865,0.000838259,GH2,0.245493138
1156,-0.000401908,0.001138015,0.723973544,8038,1,0.161561611,7.62E-29,GHR,0.140277304
1157,0.000145151,0.00132216,0.912583687,9244,1,0.087199974,0.116694429,GHRHR,0.039727299
1158,0.001236178,0.001191622,0.29958023,9380,1,0.077583996,2.91E-07,GHRL,0.52348685
1159,-0.00087032,0.001287003,0.498908537,8208,1,0.051163975,0.062965516,GID8,0.301979064
1160,0.00016908,0.001280691,0.8949695,8208,1,0.863921642,1.86E-09,GIGYF2,0.048191765
1161,0.004963791,0.001242544,6.53E-05,8038,2,0.005097835,1.83E-08,GIMAP7,4.185014321
1162,-0.002540667,0.0012729,0.045971676,7936,1,0.236246026,1.16E-09,GIMAP8,1.337509659
1163,0.001263551,0.001224591,0.302190389,8009,1,0.016513135,0.000406426,GIP,0.519719353
1164,-0.000156446,0.001223599,0.898264852,8212,1,0.027506249,3.47E-09,GIPC2,0.046595593
1165,0.001321308,0.001274694,0.299967286,8197,1,0.450663073,0.104563483,GIPC3,0.522926106
1166,-0.002241977,0.001275027,0.078721761,7992,1,0.232045377,0.728379404,GIPR,1.103905198
1167,0.001540686,0.001247817,0.216976655,7992,1,0.013511036,1.86E-06,GIT1,0.663586991
1168,-0.002797217,0.001266126,0.027184216,7936,1,1.25085625,0.319535866,GJA8,1.565683186
1169,0.00246313,0.001297384,0.057656909,9170,1,0.790289116,0.595955461,GKN1,1.239148646
1170,-0.000835756,0.001168897,0.474632748,8021,3,0.017692641,5.33E-23,GLA,0.323642301
1171,0.000230617,0.001287608,0.857859452,9346,1,0.679869277,0.000145352,GLB1,0.066583859
1172,0.00063778,0.001272238,0.61616979,7992,1,0.059745814,0.102429874,GLI2,0.210299599
1174,-0.002674094,0.001307145,0.04080905,9236,1,1.649883608,3.40E-10,GLO1,1.389243514
1175,0.001053649,0.001344519,0.433258284,9381,1,1.01283668,0.00051318,GLOD4,0.363253124
1176,-0.00312023,0.001263582,0.013556642,7964,1,0.039824346,0.000778823,GLP1R,1.867847874
1177,-0.000304217,0.001321754,0.817970991,9336,1,2.370869674,0.000981632,GLRX,0.087262098
1178,-0.000940638,0.001277212,0.461461883,8038,1,0.111727524,0.002555938,GLRX5,0.335864166
1179,0.00086199,0.001342332,0.520786052,9244,1,0.218188544,0.083291462,GLT8D2,0.283340656
1180,-0.001415938,0.00128252,0.269613701,8177,1,0.101064253,5.96E-05,GLYR1,0.569258042
1181,-0.003505701,0.00117438,0.002842947,8023,1,0.572268101,1.19E-09,GM2A,2.546231164
1182,5.04E-05,0.001273864,0.968451914,8213,1,0.088370532,0.061619266,GMFG,0.013921938
1183,0.000872244,0.001361176,0.521666913,9483,1,1.857579556,0.000292102,GMPR,0.282606707
1184,0.001211763,0.001252895,0.333488017,8038,1,0.175261333,9.75E-05,GMPR2,0.476919766
1185,-0.002116145,0.001267097,0.094942969,8208,1,0.016448346,3.86E-09,GNAS,1.022537192
1186,0.000453915,0.001329641,0.73282397,9192,1,0.4147673,0.382298304,GNE,0.135000334
1187,0.000193828,0.001290195,0.880585619,8000,1,0.218343636,0.619609114,GNGT1,0.055228411
1188,-0.004317256,0.001318619,0.001063915,9418,1,2.615244563,0.291747549,GNLY,2.973092871
1189,0.000784082,0.001272282,0.537727319,8009,1,0.027681974,5.29E-10,GNPDA1,0.269437899
1190,0.008889899,0.001242782,9.22E-13,8038,1,0.05810008,1.49E-10,GNPDA2,12.03514772
1191,0.000152486,0.001264556,0.904022796,8208,1,0.067476457,0.001392136,GOLGA3,0.043820618
1192,-0.001438197,0.001302479,0.269534328,9498,1,0.043834091,0.121130124,GOLM2,0.569385914
1193,0.001323841,0.001357709,0.329557887,9371,1,0.259854808,0.614795865,GOPC,0.482068291
1194,0.001193798,0.001274604,0.348990592,8197,1,0.009154626,0.022640527,GORASP2,0.457186281
1195,0.004597632,0.001226369,0.000178774,8231,1,0.372603336,9.71E-12,GOT1,3.747695714
1196,-0.001103598,0.001308055,0.398862294,9328,1,0.385913802,0.149210214,GP1BA,0.399177017
1197,0.002981677,0.001264228,0.01837324,7976,3,0.009564263,0.051780477,GP1BB,1.735814249
1198,0.001431777,0.001243112,0.249446205,9128,1,1.728001789,6.73E-34,GP2,0.603023098
1199,0.000543143,0.00124834,0.663507204,8038,1,0.394510228,0.008047712,GP5,0.178154357
1200,0.002137049,0.00136043,0.116248248,9397,1,0.45437836,0.409271558,GP6,0.934613585
1201,0.001298466,0.001350541,0.336355086,9372,1,0.663862882,0.352963908,GPA33,0.473202
1202,0.009799706,0.001299602,5.11E-14,9482,1,0.250263161,0.127002187,GPC1,13.29151551
1203,6.00E-05,0.001322206,0.96380089,9346,1,0.232519461,0.131656275,GPC5,0.016012677
1204,0.000605191,0.001169619,0.604873096,8177,1,0.344575278,8.35E-30,GPD1,0.218335732
1205,-0.005943142,0.001221003,1.15E-06,8197,1,0.199340046,1.52E-29,GPHA2,5.93863361
1206,0.000473263,0.001263905,0.708082911,8228,1,0.264051362,2.47E-05,GPI,0.149915887
1207,0.000850635,0.001277973,0.505677463,8197,1,0.533893705,0.075580131,GPIHBP1,0.296126401
1208,-0.00281639,0.001297206,0.029947553,9244,1,0.130951995,0.029847289,GPKOW,1.523638658
1209,0.002425631,0.001272703,0.056695982,9129,1,0.083259311,0.295858761,GPNMB,1.246447717
1210,-0.004010098,0.001269489,0.00158998,7964,1,0.010256335,0.280710625,GPR101,2.798608209
1211,-0.005231237,0.001237671,2.40E-05,8208,1,0.028374378,2.64E-11,GPR158,4.620260124
1212,0.006809627,0.001214458,2.12E-08,8197,2,0.00161883,1.07E-14,GPR15L,7.672845632
1213,-0.001361915,0.00125814,0.279066627,9236,1,1.28368743,0.055258207,GPR37,0.554292097
1214,-0.002937674,0.001257586,0.019517231,8177,1,0.033529682,0.132007997,GPRC5C,1.709581789
1215,0.001028599,0.001351987,0.446792417,9380,1,0.776206984,0.822612663,GRAP2,0.349894206
1216,-0.001295057,0.001265477,0.306160886,8213,1,0.124892219,8.86E-05,GRHPR,0.514050294
1217,0.001671983,0.001271295,0.188485719,8208,1,0.16064969,0.011434063,GRIK2,0.72472155
1218,-0.000291315,0.001271592,0.818801163,7964,1,0.105734019,0.066101078,GRIN2B,0.086821549
1219,0.001108754,0.001328903,0.404112337,9236,1,0.458673122,0.569626217,GRK5,0.393497891
1220,-0.001223452,0.001299823,0.346603346,9375,1,1.070949292,0.428839919,GRN,0.460167249
1221,0.002690855,0.001255035,0.032059165,8009,1,0.380026364,0.017148869,GRP,1.494047793
1222,-0.002770935,0.001322335,0.036154527,9372,1,0.1462202,9.49E-11,GRPEL1,1.441837315
1223,-0.001146515,0.001252883,0.360166613,7896,1,0.100705008,0.004084654,GRSF1,0.443496549
1224,-0.000291593,0.001327658,0.826164316,9192,1,0.709031497,0.019361578,GSAP,0.082933567
1225,0.004327611,0.001226766,0.000421554,8192,1,0.336147934,5.82E-05,GSN,3.375146979
1226,0.006802137,0.001235791,3.82E-08,8174,1,0.076561633,2.73E-07,GSR,7.418018053
1227,-0.005075908,0.001214542,2.95E-05,9380,1,1.12306843,6.55E-07,GSTA1,4.530041411
1228,-0.004192854,0.001233718,0.000680319,9192,1,0.15444234,0.000635926,GSTA3,3.167287662
1229,-0.000721384,0.001269673,0.569938898,7976,1,0.146859858,0.008745772,GSTM4,0.244171702
1230,0.001167941,0.001338128,0.382785609,9211,1,1.353965884,0.541737147,GSTP1,0.417044398
1231,-0.000929173,0.001286874,0.470291277,8212,1,0.314517376,0.203832214,GSTT2B,0.327633077
1232,-0.001474358,0.001286188,0.251704741,8071,1,0.132820117,0.86112082,GTF2IRD1,0.599108605
1233,0.001805122,0.001262501,0.152814189,8000,1,0.493459019,0.180075563,GTPBP2,0.81583632
1234,0.004488549,0.001244815,0.000312818,9364,1,1.180498975,0.002033263,GUCA2A,3.504708797
1235,-0.00155873,0.001259501,0.215908781,8071,1,0.065710126,0.76567041,GUCY2C,0.665729695
1236,-0.001996646,0.001271784,0.116464911,7976,1,0.133051037,0.000104258,GUK1,0.933804902
1237,-0.001384555,0.001195264,0.2467437,9425,1,0.150712339,0.010298099,GUSB,0.607753927
1238,0.000371121,0.001323945,0.779242721,9236,1,0.338784067,0.932108595,GYS1,0.108327246
1239,-0.003282261,0.001326218,0.013344587,9483,1,0.2991708,0.999852169,GZMA,1.874694865
1240,0.000824531,0.001336607,0.53732665,9371,1,0.428868953,0.003341648,GZMB,0.269761619
1241,-0.000307874,0.001293524,0.811877268,9236,1,1.252193312,5.27E-05,GZMH,0.090509618
1242,-0.001265566,0.001281981,0.323576865,7936,1,0.142762743,0.195975687,H2AP,0.490022538
1243,-0.000562882,0.00128697,0.661855107,7976,1,0.053982811,0.537968888,HADH,0.179237076
1244,-0.000274858,0.001343654,0.837920379,9461,1,3.368663453,5.58E-18,HAGH,0.076797247
1245,-0.004789603,0.001282481,0.000189088,9482,1,0.159160911,1.51E-30,HAO1,3.723335456
1246,0.001891644,0.001351467,0.161637365,9418,1,0.572850928,0.27591212,HARS1,0.791458239
1247,-0.002551215,0.001180057,0.030647692,9471,1,0.000416364,0.118768995,HAVCR1,1.51360223
1248,-0.002784104,0.001235219,0.024223206,9418,1,0.023877126,0.174978715,HAVCR2,1.61576838
1249,0.000406916,0.001347143,0.762614049,9461,1,4.706680589,0.980280881,HBEGF,0.117695198
1250,0.001552597,0.001359078,0.253320758,9482,1,0.223162535,6.22E-05,HBQ1,0.596329221
1251,-0.000338257,0.001289995,0.793161569,8213,1,0.805169427,0.239390505,HBZ,0.100638337
1252,-0.001668342,0.001264918,0.187229653,7976,1,0.183678941,0.185555662,HCG22,0.727625368
1253,0.000848054,0.001378789,0.53852205,9483,1,0.866026674,0.008048605,HCLS1,0.268796509
1254,-0.000438388,0.001282451,0.732483546,7992,1,0.122766484,0.34175783,HDAC8,0.135202126
1255,-0.001473086,0.001282683,0.250821032,7964,1,0.133859714,0.485410087,HDAC9,0.600636049
1256,-0.001537751,0.001148003,0.180444578,8212,1,0.995714279,3.01E-38,HDDC2,0.743656162
1908,0.001726871,0.001341865,0.198154039,9447,1,0.302667274,4.30E-07,NT5C3A,0.702997071
1910,0.009314,0.001301153,8.79E-13,9371,1,0.384582299,0.001030986,NTF3,12.05622
1911,-0.00346315,0.001311412,0.008285549,9192,1,0.127749762,0.000707408,NTF4,2.081678701
1912,-0.00305385,0.001203397,0.011174729,9380,1,0.04788237,0.08283388,NTproBNP,1.951762985
1913,0.00091927,0.00131354,0.484043733,9380,1,1.269612429,0.044040529,NTRK2,0.315115399
1914,0.004660002,0.001237227,0.00016656,9498,1,0.1697343,0.018709435,NTRK3,3.77842922
1915,0.001636816,0.00135615,0.22747879,9371,1,0.816881982,0.017782428,NUB1,0.64305909
1916,-0.001928896,0.001280576,0.132036064,8177,1,0.256576719,0.887690822,NUBP1,0.879307429
1917,-0.001844394,0.001351909,0.172509425,9471,1,0.277375414,1.20E-05,NUCB2,0.763187174
1918,0.001077446,0.001383553,0.436144679,9483,1,0.868214471,0.040907463,NUDC,0.360369422
1919,-0.001708813,0.001283297,0.183036018,8009,1,0.014718483,0.041906384,NUDT10,0.737463442
1920,-0.002267646,0.001269547,0.074107465,7976,1,0.011658726,0.275801915,NUDT15,1.130138042
1921,-0.00030887,0.001269461,0.807773154,8176,1,0.031889774,0.000148538,NUDT16,0.092710585
1922,0.001701682,0.001339725,0.204054963,9256,1,1.589408486,0.003487617,NUDT2,0.690252838
