coding,beta,se,pvalue,n,outlier_count,outlier_pvalue,heteroscedasticity_pvalue,protein,-LOG10P
1,0.007982648,0.004828542,0.098324002,8254,2,0.001114113,0.020457689,A1BG,1.007340452
2,0.001396501,0.005146376,0.786124162,8024,1,0.152738592,0.047930508,AAMDC,0.104508855
3,0.013737894,0.005369963,0.01053456,9397,1,1.308461893,0.002327709,AARSD1,1.977383602
4,0.010652118,0.005105433,0.03697156,7994,1,0.030327755,8.08E-07,ABCA2,1.43213222
5,0.006630379,0.005424267,0.221604311,9355,1,2.815877287,5.85E-05,ABHD14B,0.654421795
6,0.01069554,0.005459698,0.050142543,9397,1,0.262741863,1.18E-06,ABL1,1.299793646
7,0.003361078,0.005161047,0.514910011,8245,1,0.293656762,0.088033818,ABO,0.288268664
8,0.008469569,0.005050132,0.093562421,7994,1,0.521155996,0.000786485,ABRAXAS2,1.028898548
9,0.011455048,0.005231189,0.028566673,9216,1,0.129994876,0.005799685,ACAA1,1.54414033
10,0.002150431,0.005125116,0.674798429,8087,1,0.060395865,0.18163591,ACADM,0.170825937
11,0.003846041,0.005183503,0.458122324,8230,1,0.067705461,0.135498202,ACADSB,0.339018545
12,-0.011156036,0.004974979,0.024957092,9333,1,0.036418748,4.15E-05,ACAN,1.602806013
13,-0.001967244,0.005062112,0.697566452,8245,1,0.016920131,0.006333069,ACE,0.156414414
14,0.000573052,0.004551365,0.899807643,9260,2,0.000880329,1.40E-17,ACE2,0.045850322
15,-0.00011619,0.004663716,0.980124572,8053,1,0.010715493,1.68E-21,ACHE,0.008718723
16,0.002036343,0.005181936,0.694352206,8214,1,0.283516242,0.077007691,ACOT13,0.15842018
17,0.004410184,0.005474078,0.420465759,9405,1,2.272776535,0.303449001,ACOX1,0.376269366
18,-0.005871779,0.005045445,0.244548663,8009,1,0.197016098,2.07E-08,ACP1,0.611634707
19,0.012879648,0.005209786,0.013445838,9450,1,0.149728222,0.202245736,ACP5,1.871412135
20,0.005381848,0.00554924,0.332153394,9497,1,0.409428175,0.000358565,ACP6,0.478661306
21,0.006370811,0.005165669,0.21749993,8194,1,0.043400542,0.270727582,ACRBP,0.662540878
22,-0.001306011,0.003307509,0.692955053,8009,10,1.70E-05,1.88E-173,ACRV1,0.159294934
23,0.003567042,0.005140782,0.48778298,7994,1,0.125521225,0.099919033,ACSL1,0.311773358
24,0.018046696,0.004722854,0.000133706,9260,1,0.032230489,2.31E-26,ACTA2,3.873850642
25,-0.022641445,0.00496766,5.25E-06,7994,2,0.032572252,1.57E-12,ACTN2,5.280091628
26,0.0099166,0.005352777,0.063970262,9280,1,0.197969386,0.327182688,ACTN4,1.19402187
27,0.004138515,0.00482781,0.391343057,9358,1,0.025588345,0.126737126,ACVRL1,0.407442367
28,0.022087627,0.00470933,2.77E-06,9405,1,0.009408569,6.74E-08,ACY1,5.557816327
29,-0.001750278,0.004933875,0.722788479,7994,1,0.045275846,6.39E-09,ACY3,0.140988779
30,0.003071731,0.005091445,0.546318068,8017,1,0.006778746,1.26E-06,ACYP1,0.262554436
31,-0.013131129,0.005552893,0.018062899,9508,1,0.246387478,1.43E-05,ADA,1.743212556
32,0.006097145,0.005132217,0.234858255,9318,1,0.078711887,0.091302836,ADA2,0.62919417
33,0.024450032,0.004853422,4.82E-07,8009,1,0.294977461,2.56E-32,ADAM12,6.317400481
34,0.011150354,0.005261953,0.034112634,9260,1,0.017373344,0.205899095,ADAM15,1.467084751
35,0.013938779,0.005141678,0.006721525,9371,1,0.078302028,0.58282253,ADAM22,2.172532213
36,0.00404599,0.005471712,0.459659556,9508,1,0.504720532,0.499073132,ADAM23,0.337563707
37,0.01359883,0.005261723,0.009767316,9512,1,1.932996652,0.143791458,ADAM8,2.01022477
38,0.020076981,0.005024235,6.50E-05,8214,1,0.015642816,0.028126477,ADAM9,4.187232233
39,0.006415359,0.005029602,0.202162223,8009,2,0.026203648,0.003057522,ADAMTS1,0.694299996
40,-0.011036545,0.005468728,0.043606885,9514,1,1.235869059,0.68163815,ADAMTS13,1.360444931
41,0.013827038,0.004898973,0.00477606,9397,1,0.000634234,0.785073464,ADAMTS15,2.320930232
42,0.020833597,0.004853649,1.79E-05,9260,1,1.363074686,5.83E-16,ADAMTS16,4.74814696
43,-0.002167566,0.005004761,0.66495324,8009,1,0.40613354,2.85E-09,ADAMTS4,0.177208894
44,-0.035480348,0.00533217,3.01E-11,9472,1,0.058872761,0.060278901,ADAMTS8,10.52140763
45,0.011143603,0.004854218,0.021720717,8248,1,0.144360749,0.00062911,ADAMTSL2,1.663125838
46,-0.002199212,0.004953613,0.657082661,8024,1,0.192683246,4.41E-10,ADAMTSL4,0.182379993
47,-0.025140816,0.005106008,8.65E-07,8230,1,0.118069938,0.007994737,ADAMTSL5,6.062749164
48,-0.005422939,0.005369092,0.312507915,9216,1,0.408588919,0.015459638,ADCYAP1R1,0.505138979
49,0.002813161,0.005035068,0.576372807,8053,1,0.048787368,2.81E-05,ADD1,0.239296517
50,0.004092785,0.005281613,0.438411276,9358,1,0.643297488,0.024651808,ADGRB3,0.358118284
51,0.004275795,0.004438566,0.335411916,8053,2,0.014603272,5.42E-18,ADGRD1,0.474421512
52,0.004600766,0.005025869,0.359999636,8214,1,0.026439227,0.000317101,ADGRE1,0.443697939
53,-0.004553888,0.005157841,0.377309615,9473,1,1.918017749,0.000240204,ADGRE2,0.423302128
54,-0.001018562,0.00513516,0.842775111,9456,1,0.122976068,0.000244303,ADGRE5,0.074288298
55,0.006543887,0.005122634,0.201480993,8230,1,0.129738019,7.65E-18,ADGRF5,0.695765918
56,0.009949276,0.005066179,0.049575599,9397,1,0.672896989,0.00054924,ADGRG1,1.304732031
57,-0.046830473,0.004678257,1.80E-23,9405,1,0.008176697,1.18E-06,ADGRG2,22.74436768
58,0.012332622,0.005158133,0.016829831,7980,1,0.041594855,0.029763324,ADGRV1,1.773920241
59,0.01637017,0.004690447,0.000485414,8053,1,0.029906407,1.97E-26,ADH1B,3.313888029
60,0.021513807,0.004792721,7.25E-06,9260,1,0.209187787,3.13E-22,ADH4,5.13980868
61,-0.012540723,0.004122726,0.002358675,8254,3,0.002793581,1.59E-47,ADIPOQ,2.627331923
62,0.035803308,0.004399774,4.54E-16,9507,1,0.032729307,0.030977444,ADM,15.34281903
63,0.004058392,0.005060935,0.422631466,7994,1,0.137618204,0.510876919,ADRA2A,0.374038172
64,0.00501584,0.005130522,0.328278271,8053,1,0.114534268,0.237736388,AFAP1,0.483757862
65,0.020987338,0.004663596,6.88E-06,8254,1,0.029263004,8.18E-05,AFM,5.162373803
66,0.00073464,0.005332578,0.890429559,9350,1,1.605530692,0.000415027,AFP,0.050400432
67,-0.002279619,0.005087592,0.654111746,7980,1,0.474919646,0.435934149,AGBL2,0.184348052
68,-0.002305707,0.005055965,0.648373907,9415,1,0.573768028,0.00351175,AGER,0.188174471
69,0.002980331,0.00512233,0.560694675,9221,1,0.290638635,0.212328143,AGR2,0.251273569
70,0.00112408,0.005286445,0.831616813,9203,1,1.546649438,0.006757858,AGR3,0.080076739
71,0.019056142,0.00504264,0.000158426,9473,1,0.612424312,0.155648385,AGRN,3.800173692
72,0.007371173,0.005399243,0.172215189,9508,1,0.749137037,0.869336757,AGRP,0.763928548
73,-0.008610598,0.005014118,0.085967383,8245,1,0.064853336,1.20E-10,AGT,1.065666295
74,0.012675764,0.005254694,0.015872391,9405,1,0.225277151,1.34E-17,AGXT,1.799357649
75,0.011362801,0.005423622,0.036192609,9405,1,0.669862752,0.02097501,AHCY,1.441380103
76,-0.01310981,0.004736757,0.005658716,8024,1,0.301980411,1.30E-20,AHNAK,2.247282101
77,0.001752466,0.005039642,0.728047492,8024,1,0.051933571,1.69E-08,AHNAK2,0.13784029
78,0.004457022,0.005166915,0.388378257,8194,1,0.291150146,0.257520134,AHSA1,0.410745091
79,0.010203546,0.005100031,0.045459361,8245,1,0.521849416,2.20E-07,AHSG,1.342376671
80,0.00801009,0.005250537,0.127149308,9422,1,0.060255224,1.15E-22,AHSP,0.895686
81,-0.001675609,0.005124291,0.743681553,8014,1,0.853283008,0.977519534,AIDA,0.128612991
82,0.019144759,0.005402976,0.000397002,9216,1,0.604063309,0.027925128,AIF1,3.401207748
83,0.001377802,0.005167538,0.789763663,8024,1,0.562047343,5.38E-26,AIF1L,0.102502852
84,0.014756821,0.005332115,0.005659263,9383,1,0.190752341,0.002670336,AIFM1,2.247240138
85,0.01018337,0.005382523,0.058530724,9405,1,0.293162291,8.44E-08,AK1,1.232616103
86,0.005696248,0.005176121,0.271152806,8229,1,0.618604637,0.319451843,AK2,0.566785897
87,-0.014373911,0.005053804,0.004463883,8053,1,0.044058703,4.59E-05,AKAP12,2.350287231
88,0.006521804,0.00539335,0.226605329,9216,1,3.867817741,0.034771611,AKR1B1,0.644729882
89,0.00508398,0.005128451,0.321555216,8014,1,0.384649515,0.982477622,AKR1B10,0.492744442
90,0.003996067,0.005457517,0.464056884,9260,1,0.337121535,0.265758444,AKR1C4,0.33342878
91,0.001067893,0.00498154,0.830263977,8009,1,0.478521188,5.40E-20,AKR7L,0.080783805
92,0.008346258,0.005323865,0.116983852,9267,1,0.213127904,0.069971341,AKT1S1,0.931874083
93,0.003043795,0.005148649,0.554413929,8225,1,0.463794731,0.304357341,AKT2,0.256165867
94,0.003966689,0.005340391,0.457639166,9174,1,0.652819478,0.786278095,AKT3,0.339476815
95,-0.003920198,0.00492467,0.426033009,9514,1,0.125019064,4.62E-05,ALCAM,0.37055675
96,0.010024118,0.005111377,0.049892271,9443,1,0.434379347,1.11E-16,ALDH1A1,1.301966728
97,0.009418026,0.005215706,0.071001211,8194,1,0.020570487,0.000695252,ALDH2,1.148734243
98,-0.000644354,0.005045989,0.898392085,9383,1,0.724882363,2.84E-08,ALDH3A1,0.046534083
99,0.018317095,0.005101831,0.000332228,8225,1,0.051233844,0.047982473,ALDH5A1,3.478563836
100,-0.001155014,0.005135859,0.822068926,8087,1,0.152750613,0.359059124,ALMS1,0.085091768
101,-0.003811119,0.005164481,0.460567633,8009,2,0.028352158,0.001644331,ALPI,0.336706586
102,-0.002969543,0.004894516,0.54405929,9397,1,0.003609581,0.091863231,ALPP,0.264353769
103,-0.003472809,0.005390057,0.519397367,9280,1,0.095205882,0.021328293,AMBN,0.284500256
104,0.001782273,0.004929742,0.717707708,9496,1,0.089380247,0.418829072,AMBP,0.144052389
105,0.012207913,0.005152407,0.017841789,8248,1,0.480925071,0.194920331,AMDHD2,1.748561606
106,0.008822275,0.005440534,0.104926801,9267,1,1.603353875,0.000113513,AMFR,0.97911357
107,0.006699584,0.005194328,0.197161394,8014,1,0.160760907,0.549480229,AMIGO1,0.705178119
108,-0.003392804,0.005417184,0.531130778,9397,1,0.051922372,0.549247382,AMIGO2,0.274798532
109,0.015478901,0.00533046,0.003694654,9280,1,0.313711412,0.011162549,AMN,2.432426195
110,0.00854341,0.004550966,0.060516757,8053,1,0.057253583,5.77E-15,AMOT,1.218124355
111,0.009206625,0.005100693,0.071115418,8168,1,1.178536212,1.26E-09,AMOTL2,1.148036234
112,0.007854173,0.005163227,0.128254397,8229,1,0.2525795,2.22E-06,AMPD3,0.891927737
114,-0.014703016,0.004980971,0.003167026,9036,1,0.036605792,5.24E-10,AMY2A,2.499348322
115,-0.013633411,0.004876463,0.005189067,8791,1,0.011813366,4.03E-11,AMY2B,2.284910692
116,0.028903619,0.005108191,1.57E-08,9356,1,2.79290769,1.43E-12,ANG,7.802998452
117,0.002025154,0.005469817,0.711210778,9405,1,1.189332971,0.833349434,ANGPT1,0.148001671
118,0.018599934,0.00537614,0.000543116,9507,1,0.199888239,0.000113074,ANGPT2,3.265107202
119,-0.004580406,0.005188338,0.377352534,9269,1,0.574417667,1.56E-05,ANGPTL1,0.42325273
120,0.011985306,0.005124736,0.019370881,9443,1,0.06421576,0.871183955,ANGPTL2,1.712850637
121,-0.006991876,0.004934032,0.156495207,9396,1,1.110234102,0.627086563,ANGPTL3,0.80549896
122,0.016527775,0.005220336,0.001550229,9458,1,0.817676838,4.81E-05,ANGPTL4,2.80960422
123,0.009029149,0.005293913,0.088120571,9507,1,0.122832881,0.000309493,ANGPTL7,1.054922698
124,0.003981011,0.005088324,0.434013543,7994,1,0.42275457,0.006715657,ANK2,0.362496719
125,0.002404913,0.005106715,0.637702505,8009,1,0.056996684,0.001669122,ANKMY2,0.195381877
126,-0.0054088,0.005125681,0.291349765,7953,1,0.246167039,0.554590128,ANKRA2,0.535585327
127,-0.002837753,0.005370558,0.597240875,9216,1,2.913294479,2.41E-08,ANKRD54,0.223850477
128,-0.006066447,0.005129362,0.236966964,8024,1,0.013074446,0.038830889,ANP32C,0.625312196
129,0.005165064,0.005461037,0.344273462,9412,1,1.424721339,0.000651685,ANPEP,0.463096453
130,0.006326978,0.00497599,0.203587292,8010,1,0.100941338,6.55E-12,ANXA1,0.691249335
131,0.001824077,0.005168849,0.724172802,9267,1,0.56104498,0.029243504,ANXA10,0.14015779
132,0.0020553,0.005510016,0.709148269,9396,1,4.209295074,0.005285588,ANXA11,0.149262953
133,0.005853248,0.004944742,0.236554869,7911,1,0.035034174,5.34E-12,ANXA2,0.626068109
134,0.007502057,0.005466802,0.170004462,9512,1,0.373753894,0.211497233,ANXA3,0.769539681
135,0.005014039,0.005439497,0.35666525,9362,1,0.333659191,0.849254618,ANXA4,0.447739201
136,0.009872946,0.005312939,0.063160594,9254,1,3.463360965,0.888674092,ANXA5,1.199553793
137,-0.000326555,0.005365842,0.951473485,9280,1,0.927136779,0.033224302,AOC1,0.02160331
138,-0.001352345,0.005179252,0.7940148,9430,1,0.861507976,0.280562104,AOC3,0.100171402
139,0.00434167,0.005148133,0.399058308,8194,1,0.165125527,0.000489807,AP1G2,0.398963643
140,0.012461505,0.005153068,0.015616721,8014,1,0.011220871,0.094133213,AP2B1,1.80641016
141,0.004042437,0.005187038,0.435805261,8214,1,0.084054197,0.000294053,AP3B1,0.360707531
142,0.008134237,0.005151744,0.114390881,8229,1,0.607239206,0.382619761,AP3S2,0.941608597
143,0.013182167,0.005385207,0.014389434,9397,1,0.416999544,1.42E-18,APBB1IP,1.841956274
144,0.008978478,0.004222975,0.033524656,8172,1,0.095828994,2.96E-20,APCS,1.474635664
145,0.011723125,0.005481269,0.032480541,9483,1,0.501745922,2.63E-07,APEX1,1.488376745
146,4.03E-05,0.005184351,0.993804451,9405,1,0.17394612,0.013095183,APLP1,0.002699062
147,-0.020597983,0.004579108,6.95E-06,8254,2,0.000488779,6.03E-19,APOA1,5.158308822
148,0.000542796,0.004796214,0.90989708,8245,1,0.341677106,1.12E-15,APOA2,0.041007729
149,-0.009104539,0.004917876,0.06415998,8254,2,0.002902849,0.001394828,APOA4,1.19273578
150,0.00391748,0.005158686,0.44763808,8245,1,0.123763324,0.474606333,APOB,0.349072976
151,-0.001544059,0.005037658,0.759229386,8024,1,0.224689727,0.014837524,APOBR,0.119626991
152,-0.019747016,0.004646115,2.16E-05,8235,1,0.072862069,2.56E-27,APOC1,4.665709474
153,-0.017700285,0.004488618,8.10E-05,7879,3,0.003043805,1.63E-26,APOD,4.091290722
154,-0.006030827,0.005034376,0.230978972,8254,1,0.184719797,0.002397023,APOE,0.636427556
155,-0.008722162,0.004266979,0.040974729,8245,1,0.482994212,5.55E-30,APOF,1.38748391
156,0.000540949,0.005439841,0.920789385,9443,1,2.928011139,0.020032979,APOH,0.035839696
157,-0.001850368,0.004955372,0.708855589,8245,1,0.050347799,2.84E-21,APOL1,0.149442232
158,-0.004834618,0.005158661,0.348687656,9414,1,1.0719287,2.72E-05,APOM,0.457563426
159,0.003541752,0.005508035,0.520229673,9439,1,0.720687709,0.640167332,APP,0.28380488
160,-0.001982006,0.005092973,0.697164536,8053,1,0.119362311,0.000420774,APPL2,0.156664713
161,0.010964115,0.005405395,0.042551251,9371,1,0.754064671,0.056733503,APRT,1.371087663
162,0.00866649,0.005163778,0.093322658,8087,2,0.018238876,0.286240279,ARAF,1.030012901
163,0.02063916,0.005442766,0.000150355,9397,1,0.821307133,0.392801059,AREG,3.822881305
164,0.005436003,0.005144149,0.290663628,8214,1,0.059398813,0.175787179,ARF6,0.53660931
165,0.006143885,0.005166987,0.234448395,8225,1,0.077084981,0.913059628,ARFIP1,0.629952735
166,-0.008673756,0.005408231,0.108790428,9385,1,0.40828573,0.001272448,ARG1,0.963409314
167,0.008353954,0.005173845,0.106424861,8194,1,0.702866462,0.112698349,ARG2,0.972956907
168,0.004238925,0.005328739,0.426352691,9216,1,1.595438404,0.120638894,ARHGAP1,0.370230992
169,0.018724653,0.005317463,0.000431433,9216,1,0.274701836,0.001885411,ARHGAP25,3.365086174
170,-0.002275001,0.005188104,0.661033251,8087,1,0.014376693,0.56920881,ARHGAP30,0.179776695
171,0.00051423,0.005075816,0.91930706,8053,1,0.02237626,0.001326061,ARHGAP45,0.036539405
172,0.013586049,0.005083176,0.007538652,7953,1,0.006001076,0.324623235,ARHGAP5,2.122706311
173,0.004464615,0.005135273,0.384652847,8229,1,0.625113144,0.003909342,ARHGEF1,0.414931049
174,1.21E-05,0.005121308,0.998107786,8225,1,0.097312581,0.032718175,ARHGEF10,0.000822557
175,0.008222439,0.00545559,0.1318037,9396,1,0.211195321,0.009007016,ARHGEF12,0.880072398
176,0.008660817,0.005173378,0.094147739,7980,1,0.069184779,4.11E-05,ARHGEF5,1.026190107
177,-0.00654853,0.005151748,0.203720298,7980,1,0.367784256,0.114590559,ARID3A,0.690965697
178,0.007289827,0.005431193,0.179559352,9267,1,0.150780524,0.649050634,ARID4B,0.74579197
179,0.004313048,0.005114007,0.399041533,7994,1,0.012775941,0.050770697,ARL13B,0.3989819
180,0.007627107,0.005144118,0.138197581,7994,1,0.049634758,0.004133288,ARL2BP,0.859499558
181,-0.000644178,0.005120559,0.899891596,7980,1,0.438942024,0.118662835,ARMCX2,0.045809804
182,-0.001230177,0.005403314,0.8199071,9280,1,0.658197814,0.459088747,ARNT,0.086235353
183,3.45E-05,0.005153471,0.994663845,7994,1,0.192629781,0.037244433,ARNTL,0.002323668
184,0.010204817,0.005279719,0.053286626,9443,1,0.337000092,1.59E-05,ARSA,1.27338178
185,0.004751777,0.005449242,0.383226887,9397,1,4.270019556,0.002517362,ARSB,0.416544029
186,0.00915223,0.004733568,0.053207787,9430,2,0.021720029,1.55E-06,ART3,1.274024807
187,0.006116072,0.005159654,0.235908617,7980,1,0.060767074,0.170262099,ART5,0.627256195
188,0.004877004,0.005478749,0.373399071,9280,1,2.796050304,0.060238725,ARTN,0.427826767
189,0.007961688,0.005148209,0.122023511,8163,1,0.095907134,8.50E-05,ASAH1,0.913556484
190,0.00062949,0.005158338,0.902875118,9371,1,0.195337021,0.457979958,ASAH2,0.044372315
191,0.020493259,0.004824687,2.18E-05,9371,1,1.952362285,7.03E-17,ASGR1,4.661183423
192,0.009707041,0.004948118,0.04982361,8245,1,0.056481561,0.001009045,ASGR2,1.302564805
193,-0.009084825,0.004978715,0.06807764,8230,1,0.100237824,1.38E-09,ASPN,1.16699551
194,0.012440185,0.005117214,0.015076546,8225,1,0.253725997,3.90E-05,ASPSCR1,1.821698129
195,0.003202513,0.005093144,0.529505155,8024,1,0.203249852,1.77E-05,ASRGL1,0.276129808
196,0.009500992,0.004728945,0.044558608,7994,1,0.088306212,3.04E-37,ASS1,1.351068381
197,0.009682549,0.005438635,0.075055249,9267,1,0.127189556,0.115458626,ATF2,1.124618931
198,0.007193486,0.00509634,0.158136352,7953,1,0.100752693,0.212474881,ATF4,0.800968285
199,0.00430174,0.005129755,0.401726217,8214,1,0.09421391,5.66E-05,ATG16L1,0.396069824
200,0.007459891,0.005302119,0.159471798,9216,1,0.224575421,4.66E-05,ATG4A,0.797316108
201,0.008639155,0.005537973,0.118796869,9472,1,0.089061194,0.00131012,ATOX1,0.925195006
202,0.005027922,0.005093237,0.323586224,7994,1,0.418540808,7.20E-07,ATP1B1,0.490009975
203,-0.006963316,0.005105735,0.172661954,7994,1,0.279274573,0.000111705,ATP1B2,0.762803348
204,0.009008307,0.005159626,0.080862899,7994,1,0.424967562,0.241955706,ATP1B3,1.092250694
205,0.005659302,0.005091369,0.266366047,7953,1,0.101804175,0.202140373,ATP1B4,0.574521135
206,0.00994124,0.005084387,0.050588627,7994,1,1.298117446,0.177455775,ATP2B4,1.295947107
207,0.001137658,0.00514638,0.825051421,7994,1,0.223189621,0.732589914,ATP5F1D,0.083518983
208,0.003726521,0.00552623,0.500115908,9473,1,2.110059747,0.319942625,ATP5IF1,0.300929331
209,-0.00024603,0.005385886,0.963565846,9267,1,0.264574673,0.529029555,ATP5PO,0.016118602
210,0.008161033,0.005319887,0.12504899,9216,1,0.388882924,3.76E-05,ATP6AP2,0.902919813
211,-0.003436687,0.005536117,0.534762267,9397,1,1.045149681,0.079169369,ATP6V1D,0.271839244
212,0.005305463,0.005365737,0.322803091,9251,1,0.646790421,0.95443626,ATP6V1F,0.491062315
213,0.003581078,0.005118471,0.484173587,8024,1,0.014553238,0.000268987,ATP6V1G1,0.314998906
214,0.001121596,0.00513379,0.827065899,7994,1,0.253476931,0.190410679,ATP6V1G2,0.082459885
215,0.015121223,0.00493514,0.002191151,8214,1,0.006368714,0.000407194,ATRAID,2.659327677
216,0.007096527,0.004966825,0.153103892,8254,1,0.127359973,0.002797743,ATRN,0.81501377
217,0.007566449,0.005406502,0.161693946,9267,1,0.065366377,0.487825839,ATXN10,0.791306241
218,-0.001675422,0.005077896,0.741450846,7980,1,0.122745412,9.84E-05,ATXN2,0.129917635
219,0.002181753,0.005164345,0.672697056,8225,1,0.179829071,0.15264601,ATXN2L,0.172180473
220,0.003868552,0.005096802,0.447865035,8229,1,0.404150633,8.36E-07,ATXN3,0.348852842
221,0.006612737,0.005462338,0.226077095,9396,1,1.584949376,0.907755982,AXIN1,0.645743435
222,0.001241996,0.005363834,0.816892588,9430,1,0.456331026,0.064549385,AXL,0.087835044
223,0.004979563,0.005129596,0.331700587,8225,1,0.302661435,0.005345444,AZI2,0.47925376
224,0.003687654,0.005272697,0.484328309,9097,1,0.103917497,3.91E-12,AZU1,0.314860146
225,0.013665454,0.004807008,0.004482641,8254,1,0.010163884,5.72E-29,B2M,2.348466001
226,0.005680245,0.005196361,0.274374211,7994,1,0.571003287,0.002448667,B3GAT3,0.561656712
227,-0.015943737,0.00495403,0.001294499,8024,2,0.006531833,9.83E-07,B3GNT7,2.887898402
228,0.012676444,0.005241043,0.015595388,9473,1,0.313242057,0.444090694,B4GALT1,1.807003829
229,-0.002598288,0.005204169,0.617600511,9443,1,1.723855509,0.014735555,B4GAT1,0.209292354
230,0.008280555,0.005080876,0.103193877,8009,1,0.028606084,0.456134776,BABAM1,0.98634607
231,0.008096733,0.005487677,0.140128116,9396,1,0.096374429,0.000778566,BACH1,0.853474717
232,-0.024581478,0.005306528,3.66E-06,9358,1,0.034150213,0.036394079,BAG3,5.435927006
233,0.006769007,0.005092308,0.183799742,8009,1,0.035653772,1.42E-12,BAG4,0.735655104
234,0.004004964,0.005332415,0.452635681,9260,1,1.910178345,1.61E-05,BAG6,0.344251214
235,0.007299883,0.005134099,0.155105705,9216,1,0.100809312,0.319979313,BAIAP2,0.809372229
236,0.008853015,0.005267877,0.092881182,9216,1,0.475048621,0.026180305,BAMBI,1.032072268
237,0.008035064,0.005450141,0.140438262,9396,1,0.660919559,0.064392334,BANK1,0.852514554
238,0.005344114,0.0049864,0.28386931,8229,1,0.148519742,2.09E-10,BAP18,0.546881557
239,0.006013362,0.005207895,0.248263093,8014,1,0.31424358,0.224587294,BATF,0.605087838
240,0.012563071,0.00540028,0.020020135,9254,1,0.065991553,0.105522482,BAX,1.698532992
241,0.008655966,0.005363323,0.106578588,9443,2,0.030307404,0.074937639,BCAM,0.972330036
242,-0.005727327,0.00498803,0.250909485,9371,1,2.790273274,3.40E-08,BCAN,0.600482921
243,0.000696229,0.005093913,0.891288203,8230,1,0.004054743,2.25E-10,BCAT1,0.049981842
244,-0.002453279,0.005057156,0.627611342,7980,1,0.008984616,0.012240168,BCAT2,0.202309217
245,-0.005160498,0.004828569,0.285217559,8078,1,0.036440486,1.36E-13,BCHE,0.544823741
246,0.009805375,0.004957377,0.047969365,8214,1,0.211602708,1.14E-13,BCL2,1.319036034
247,0.002200943,0.005155155,0.669434073,8229,1,0.02026198,0.626855653,BCL2L1,0.174292187
248,0.008883604,0.005464723,0.104062508,9396,1,0.232998367,0.352329625,BCL2L11,0.982705713
249,0.007039722,0.005145337,0.171295739,8009,1,0.01256846,7.16E-11,BCL2L15,0.76625344
250,-0.003157569,0.005144726,0.539399006,7953,1,0.018874457,0.574977427,BCL7A,0.268089858
251,-0.003536568,0.005206217,0.496968895,8194,1,0.455819667,0.181338734,BCL7B,0.303670792
252,0.006270289,0.00541948,0.24730554,9396,1,0.854240357,0.024990178,BCR,0.606766155
253,-0.001066377,0.005155795,0.83614718,8248,1,1.937445073,0.265082811,BDNF,0.07771727
254,0.008075001,0.005108375,0.113977509,8024,1,0.003091962,2.69E-09,BECN1,0.943180841
255,0.003294296,0.005105553,0.518791725,7953,1,0.011887211,0.131748426,BEX3,0.28500696
256,0.01957749,0.004817595,4.87E-05,8248,1,0.666290536,2.53E-10,BGLAP,4.312115373
257,-0.002905937,0.005316334,0.584663046,9203,1,0.130496449,0.001900375,BGN,0.233094355
258,-0.006655263,0.005183029,0.199162154,7980,1,0.096860741,0.026065123,BHLHE40,0.700793186
259,0.002048183,0.005133266,0.68990248,7994,1,0.395048939,0.095046077,BHMT2,0.161212294
260,0.010781326,0.005481095,0.049212391,9396,1,2.204815003,0.016208675,BID,1.307925534
261,0.002334436,0.005493446,0.670883378,9443,1,0.798783559,0.588452609,BIN2,0.173352968
262,0.012642208,0.005394952,0.019133128,9216,1,0.36635424,0.013681669,BIRC2,1.718214033
263,-0.002311541,0.005444262,0.671150355,9514,1,0.409167967,0.000983319,BLMH,0.173180176
264,-0.000270714,0.005080641,0.957507397,8009,1,0.085654208,9.61E-08,BLNK,0.018857862
265,-0.002112809,0.005129706,0.680440506,7980,1,0.014015316,0.511441515,BLOC1S2,0.167209841
266,0.005001512,0.005209509,0.33704645,8229,1,0.386157674,0.065080371,BLOC1S3,0.472310243
267,-0.001285766,0.005432748,0.812918379,9443,1,1.650432675,1.22E-14,BLVRB,0.089953057
268,-0.003864049,0.004756453,0.416597445,8053,2,0.028186403,4.19E-13,BMP10,0.380283397
269,-0.014555084,0.005354231,0.006571421,9358,1,0.245942983,0.001073346,BMP4,2.182340714
270,-0.006438288,0.005374057,0.230935624,9246,1,0.462877695,0.008090064,BMP6,0.636509068
271,0.023917466,0.004936488,1.29E-06,8053,1,0.016332432,0.007426019,BMPER,5.889553179
272,0.003962394,0.00517392,0.443793585,8230,1,0.051251934,0.499697127,BNIP2,0.35281898
273,0.00372569,0.005104636,0.4654947,8009,1,0.196716566,4.34E-14,BNIP3L,0.332085259
274,0.000825857,0.005090303,0.871119443,9260,1,0.033069496,0.000944273,BOC,0.059922293
275,0.010914033,0.005078918,0.031673212,7980,1,0.074582637,1.35E-16,BOLA1,1.499307889
276,0.000897582,0.005058993,0.859180523,8024,1,0.032952099,9.22E-16,BOLA2_BOLA2B,0.065915577
278,-0.003960866,0.005019272,0.430055117,9368,1,0.138362457,4.26E-19,BPIFB1,0.366475881
279,0.010289909,0.004624128,0.026090576,8216,1,0.104118661,1.60E-16,BPIFB2,1.583516335
280,0.003114993,0.005126831,0.543478847,8149,1,0.031604596,0.005360331,BRAP,0.264817355
281,0.005182834,0.005131271,0.312502229,8087,1,0.053699815,0.171890557,BRD1,0.505146881
282,-0.001204022,0.005098166,0.813308652,7980,2,0.023029433,0.773476308,BRD2,0.089744607
283,0.005889618,0.00512172,0.2502073,7994,1,0.011987649,0.760194434,BRD3,0.601700023
284,0.005548661,0.005021452,0.269196703,7994,1,0.007015003,0.302404396,BRDT,0.569930263
285,0.0046696,0.005269963,0.375598401,9267,1,1.203833038,4.09E-05,BRK1,0.425276265
286,0.003197893,0.005191328,0.537907729,7980,1,0.116181197,0.571441214,BRME1,0.269292215
287,0.007709949,0.005190108,0.137447547,8225,1,0.071439492,0.560785005,BRSK2,0.861863008
288,0.009937305,0.00510593,0.051656846,9496,1,0.461350167,0.221651908,BSG,1.286872114
289,0.006265535,0.005103502,0.219598569,7953,1,0.009275193,0.058036851,BSND,0.658370493
290,-0.006642266,0.00556932,0.233035078,9523,1,2.334585587,2.40E-09,BST1,0.632578701
291,0.000464708,0.005362562,0.930945356,9523,1,0.976823095,0.000330024,BST2,0.03107581
292,0.006797804,0.005354844,0.204306314,9216,1,0.400736359,0.009148662,BTC,0.689718211
293,0.006745068,0.005030576,0.180017801,8254,1,0.49859527,0.228269961,BTD,0.744684547
294,-0.001131293,0.005084471,0.823930673,7953,1,0.007277852,0.033772409,BTLA,0.084109329
295,-0.005549637,0.005180429,0.284079822,8181,1,0.132760124,0.233881125,BTN1A1,0.546559612
296,0.009818025,0.00512019,0.055203026,9473,1,0.184514556,0.342158962,BTN2A1,1.258037116
297,0.010009268,0.005435975,0.065608972,9396,1,1.392748778,0.864433156,BTN3A2,1.183036767
298,-0.003264695,0.005096617,0.521826308,7953,1,0.008265231,0.008095702,BTNL10,0.28247403
299,0.009363422,0.005044182,0.063445201,9267,1,0.190455091,1.77E-06,C19orf12,1.197601222
300,0.000801529,0.005140855,0.876105162,7994,1,0.151189858,0.003576226,C1GALT1C1,0.057443761
301,0.007996586,0.005422492,0.140324673,9480,1,0.035167908,0.07535651,C1QA,0.852865961
302,0.002615944,0.005223356,0.616513492,8225,1,1.071430121,0.754193702,C1QBP,0.210057415
303,0.001820819,0.004713749,0.699300794,8009,1,0.009929471,1.56E-14,C1QL2,0.155335979
304,0.003589961,0.005299829,0.498185897,9430,1,0.531955105,0.690330436,C1QTNF1,0.302608571
305,0.012954466,0.00507887,0.010770323,8053,1,0.05304452,2.78E-05,C1QTNF5,1.967771291
306,0.009063931,0.005173625,0.079819784,8225,1,0.143356723,0.032590614,C1QTNF6,1.097889454
307,-0.008556071,0.005083844,0.092415443,8040,1,0.173561568,9.75E-05,C1QTNF9,1.03425545
308,0.004459331,0.005038761,0.37617951,8254,1,0.232452811,1.63E-06,C1R,0.424604863
309,0.003735888,0.004783287,0.434807763,8236,2,0.028424528,0.003032821,C1RL,0.36170271
310,0.004082809,0.004978191,0.412160549,8254,1,0.105168481,0.000568491,C1S,0.38493358
311,0.007993181,0.005124313,0.118828049,9414,1,0.049561576,0.138461135,C2,0.925081035
312,0.00460973,0.005381469,0.391691986,9250,1,0.506360926,0.298528206,C2CD2L,0.407055314
313,0.009531816,0.005096894,0.061503318,8014,1,0.10411385,0.036249619,C2orf69,1.211101457
314,0.005140307,0.004764821,0.280708527,7807,1,0.116918641,8.58E-64,C3,0.551744395
315,-0.000778916,0.005119183,0.879066886,9472,2,0.03163273,0.922318206,C4BPB,0.055978079
316,0.000933839,0.005159292,0.856370932,8254,1,1.861062235,5.91E-11,C5,0.067338082
317,0.008926052,0.004882174,0.067542433,8044,1,0.05076317,0.006197641,C7,1.1704233
318,0.002077222,0.005130776,0.685594371,8229,1,0.038070393,0.058854049,C7orf50,0.163932757
319,0.002712715,0.005065756,0.592318202,8254,1,0.015448886,0.000328135,C8B,0.227444921
320,0.001685211,0.00485063,0.72828383,8245,1,0.183477645,8.01E-09,C9,0.137699333
321,0.000909447,0.005151834,0.859882933,8214,1,0.018827164,7.92E-11,C9orf40,0.065560671
322,0.001234356,0.005226009,0.813286768,9180,1,1.469975825,2.10E-25,CA1,0.089756294
323,0.001389286,0.005347286,0.795015013,9216,1,0.059900518,0.001136261,CA11,0.09962467
324,-0.003857245,0.005333272,0.469549349,9397,1,0.943536637,0.024436296,CA12,0.328318757
325,0.004694278,0.005477292,0.391442701,9372,1,0.217682973,0.71956754,CA13,0.407331801
326,0.004414941,0.004854641,0.363147959,9507,1,0.03134647,0.030833113,CA14,0.439916392
327,0.004289298,0.005331335,0.421102726,9402,1,0.844976304,9.29E-14,CA2,0.375611947
328,-0.001421107,0.005420697,0.793201286,9493,1,0.176776427,7.89E-19,CA3,0.10061659
329,0.009710437,0.005332297,0.06862909,9514,1,0.271924854,0.653277899,CA4,1.163491763
330,0.018715999,0.005030616,0.000200071,9260,1,0.143344585,2.38E-31,CA5A,3.698815675
331,-0.008470917,0.005011158,0.09098249,9413,1,0.003517274,0.013098529,CA6,1.041042184
332,0.007300392,0.005130465,0.154789507,8087,1,0.041966533,0.613705618,CA7,0.810258484
333,0.004300597,0.005138417,0.402645786,8009,1,0.113799117,0.023264631,CA8,0.395076842
334,0.004822489,0.00512325,0.34657768,9507,1,0.093104976,0.001335519,CA9,0.46019941
335,0.005128403,0.00513372,0.317842173,8014,1,0.244138991,0.036570045,CABP2,0.497788479
336,0.001457853,0.005119042,0.775812336,7980,1,0.092268496,0.170985017,CACNA1C,0.110243319
337,0.005608595,0.005072912,0.268934439,7994,1,0.063463347,8.37E-06,CACNA1H,0.57035358
338,0.003307001,0.005115654,0.51800823,7980,1,0.011755138,0.768105988,CACNB1,0.28566334
339,0.000982484,0.005141828,0.848470203,8225,1,0.146341652,0.356651696,CACNB3,0.071363405
340,-0.001154538,0.005111714,0.821315142,8036,1,0.06885627,0.006585392,CACYBP,0.08549017
341,-0.001958995,0.005157936,0.704102355,8014,1,0.283075329,0.417172933,CADPS,0.152364203
342,0.012978067,0.005148571,0.011728197,9397,1,0.004347681,0.084835258,CALB1,1.930768765
343,0.009297114,0.004888104,0.05720377,9267,1,0.122890919,0.001797845,CALB2,1.242575349
344,0.01005838,0.004380709,0.021694379,9355,1,0.002288813,1.97E-20,CALCA,1.663652768
345,0.014347756,0.005078361,0.00473543,8229,1,0.11857751,1.04E-18,CALCB,2.324640557
346,0.003434471,0.005528,0.534426217,9480,1,0.681103305,0.004017218,CALCOCO1,0.272112245
347,0.003537409,0.005150405,0.492215078,8024,1,0.077925509,0.000148028,CALCOCO2,0.307845087
348,0.003661896,0.005141655,0.476360623,7994,1,0.081231571,0.000288518,CALY,0.322064146
349,0.006446557,0.005345639,0.227868952,9216,1,0.129132391,0.002228008,CAMKK1,0.642314845
350,0.006843073,0.005086515,0.17855481,8014,2,0.010386146,0.007387151,CAMLG,0.748228446
351,0.002037482,0.005170609,0.693553908,8225,1,0.081568441,0.00434041,CAMSAP1,0.158919777
352,0.006562206,0.005268222,0.212934844,9388,1,1.76926961,0.124983951,CANT1,0.671753266
353,0.01102736,0.005259609,0.036054711,9368,1,0.14680669,0.00020622,CAPG,1.443037984
354,-0.011287739,0.005120124,0.027511098,8194,1,0.129392502,0.048092666,CAPN3,1.560492083
355,0.009262283,0.004850437,0.056222514,8229,2,0.016126402,3.02E-29,CAPS,1.250089738
356,0.000288916,0.005247239,0.956091318,9267,1,1.394954967,1.52E-15,CARHSP1,0.019500625
357,0.007574173,0.005111909,0.138466947,8014,2,0.034387345,0.006959949,CASC3,0.858653884
358,0.005371726,0.005334073,0.313932825,9267,1,2.315919274,0.170924892,CASP1,0.503163272
359,0.003005057,0.005358806,0.574967959,9267,1,0.630757588,0.544351623,CASP10,0.240356356
360,0.011307728,0.005514021,0.040321671,9396,1,1.28099411,0.404978661,CASP2,1.394461476
361,0.007139529,0.005571557,0.200075981,9514,1,0.859212503,0.843334661,CASP3,0.698805044
362,0.00091547,0.005204727,0.860383218,8087,1,0.156211701,6.47E-05,CASP4,0.065308069
363,0.005624642,0.005173094,0.27694157,8229,1,0.294984553,0.011644428,CASP7,0.557611849
364,0.009691939,0.005526115,0.079489729,9486,1,2.437083282,0.087158055,CASP8,1.099688985
365,-0.001004175,0.005170166,0.846004767,8009,1,0.057836936,0.270821849,CASP9,0.07262719
366,-0.000307997,0.005111139,0.951950145,7994,1,0.552760254,0.063159601,CASQ2,0.021385796
367,0.002895361,0.004959268,0.559352166,8124,1,0.145136674,1.11E-30,CAT,0.252314676
368,-0.000425921,0.005182527,0.934502157,9391,1,0.037933341,0.217826678,CBLIF,0.029419692
369,-7.60E-05,0.005144936,0.988215,7980,1,0.081890759,0.374470012,CBLN1,0.005148558
370,0.012548776,0.005388215,0.01988366,9507,1,0.049651872,0.051569915,CBLN4,1.701503662
371,0.007130193,0.004987402,0.152859196,8024,1,0.997931473,1.08E-18,CBS,0.815708429
372,0.005204599,0.005148565,0.312102856,7994,1,0.504730074,0.047259675,CBX2,0.505702257
373,0.010834959,0.005395122,0.044641386,9371,1,0.546971358,0.004894381,CC2D1A,1.350262333
374,0.006117443,0.005183063,0.237924799,8229,2,0.038944938,0.000111115,CCAR2,0.623560288
375,0.005906066,0.005147013,0.251219158,8194,1,0.205651439,0.454659701,CCDC134,0.599947244
376,0.001156215,0.005132964,0.821788339,8014,1,0.124931202,0.126121079,CCDC28A,0.085240026
377,0.002149609,0.005244498,0.681905449,8225,1,0.143101651,0.002119259,CCDC50,0.166275839
378,0.021931947,0.004837358,5.86E-06,9405,1,0.024116309,0.033002114,CCDC80,5.231878235
379,0.022869154,0.004869298,2.69E-06,8024,1,0.034623741,6.69E-17,CCER2,5.57036075
380,0.004076106,0.005223658,0.435224092,9508,1,1.557600332,2.42E-05,CCL11,0.361287072
381,8.42E-05,0.005515643,0.987819869,9494,1,0.181464923,0.063842832,CCL13,0.005322243
382,0.017762617,0.005278458,0.0007682,9356,1,0.128746402,0.009393374,CCL14,3.114525786
383,0.010848677,0.005448705,0.046503332,9514,1,0.153943137,1.45E-10,CCL15,1.332515931
384,0.011544352,0.004890791,0.018274031,9514,1,0.634697159,1.19E-15,CCL16,1.738165649
385,0.009053313,0.005354492,0.090910393,9404,1,1.313165992,0.196068457,CCL17,1.041386467
386,0.006777283,0.005022362,0.177234646,9269,1,1.535873541,7.55E-13,CCL18,0.751451379
387,0.006019409,0.005568639,0.279747678,9523,1,0.845066546,3.01E-20,CCL19,0.55323351
388,0.012510328,0.005269011,0.017601311,9358,1,0.088324143,0.166381644,CCL2,1.754454973
389,0.010012364,0.005440731,0.065761177,9508,1,1.719413385,6.40E-09,CCL20,1.182030424
390,0.011538467,0.005294527,0.029332524,9473,1,0.364358006,0.140573558,CCL21,1.53265056
391,0.014604479,0.005041143,0.003775577,9342,1,0.018635264,0.078583743,CCL22,2.423016698
392,0.005897849,0.005131702,0.250462699,9473,1,2.631213659,0.977090382,CCL23,0.601256943
393,0.006142395,0.005479096,0.262290915,9458,1,0.081404077,0.076475704,CCL24,0.581216752
394,0.001670702,0.005419102,0.757861798,9508,1,5.379393107,6.61E-13,CCL25,0.120409984
395,-0.000194402,0.005446449,0.97152769,9396,1,1.740768369,0.030103728,CCL26,0.012544817
396,0.018720724,0.005129976,0.000264402,9405,1,1.262416069,0.024877958,CCL27,3.577735642
397,-0.003256143,0.005346145,0.542497005,9364,1,0.372420544,2.44E-07,CCL28,0.265602656
398,0.013467701,0.005012723,0.007228808,9396,1,0.24609509,2.66E-13,CCL3,2.140933303
399,0.013949903,0.005435893,0.01029556,9433,1,1.116909336,7.35E-07,CCL4,1.987350023
400,0.003064123,0.005484409,0.576381777,9430,1,1.6213428,0.446717666,CCL5,0.239289759
401,-0.002691917,0.00511426,0.598653962,9396,1,0.082195561,1.57E-13,CCL7,0.222824139
402,0.006731308,0.005508015,0.221702726,9496,1,3.596234615,0.855200182,CCL8,0.654228967
403,-0.006932814,0.005351399,0.195174828,9384,1,0.418752467,0.080924954,CCN1,0.709576196
404,0.003146199,0.005499943,0.567307098,9427,1,0.740678437,2.00E-06,CCN2,0.246181783
405,-0.000984562,0.004882853,0.840205177,9498,1,0.07041853,0.82489152,CCN3,0.075614647
406,0.013506194,0.005457136,0.013342444,9507,1,1.631483402,7.98E-05,CCN4,1.874764599
407,0.017608358,0.004803574,0.000248039,9443,1,0.170992151,9.48E-10,CCN5,3.605480403
408,-0.006532014,0.005178375,0.207200349,8087,1,0.185187635,0.088772399,CCND2,0.683609518
409,-0.00561074,0.005210377,0.281584447,8009,1,0.079626836,0.682612387,CCNE1,0.550391336
410,0.010741321,0.005374015,0.045664128,9371,1,0.581221586,1.10E-06,CCS,1.34042483
411,0.01056731,0.005382522,0.049645619,9216,1,0.220496896,0.024107005,CCT5,1.304119074
412,0.006607632,0.005078503,0.193261411,8214,1,0.023604924,0.0315455,CD101,0.713854853
413,-0.004082666,0.005392285,0.448990313,9443,1,3.556255698,0.9503866,CD109,0.347763029
414,0.000358986,0.005050813,0.943339734,9190,1,0.843743624,0.001368212,CD14,0.025331872
415,0.003201939,0.005329134,0.547963117,9508,1,0.327175639,0.761898063,CD160,0.261248672
416,0.005452362,0.005187666,0.293274576,9430,1,1.16839506,6.60E-06,CD163,0.532725584
417,0.003006976,0.005427836,0.579597623,9443,1,0.505923786,0.643579701,CD164,0.236873405
418,-0.003204049,0.005135862,0.532738553,8014,1,0.127990401,0.020976288,CD164L2,0.273485873
419,0.009607676,0.005516847,0.08162585,9432,1,1.151039847,0.428111267,CD177,1.088172284
420,-0.000296839,0.00518367,0.95433586,9472,2,0.008817714,0.0057056,CD1C,0.020298757
421,0.008283634,0.005118522,0.105623634,7994,1,0.51593043,0.276002422,CD2,0.976238893
422,0.004209237,0.005144568,0.413269169,9396,1,6.675749451,0.010968582,CD200,0.383766993
423,-0.006135379,0.00540916,0.256715713,9368,1,1.650171837,6.14E-06,CD200R1,0.590547549
424,0.01241834,0.005198675,0.01692576,9231,1,0.110977891,0.77263178,CD207,1.771451817
425,-0.028877204,0.005485479,1.44E-07,9457,1,0.324769448,0.333426043,CD209,6.842185916
426,0.002192834,0.005153185,0.670460084,9508,1,0.182191934,0.217690746,CD22,0.173627073
427,-0.002584462,0.005026566,0.607153908,8009,1,0.00826499,0.002498514,CD226,0.216701205
428,0.002385612,0.005471444,0.662838442,9508,1,0.564997083,0.215375301,CD244,0.178592312
429,-0.025971099,0.004877263,1.04E-07,8248,1,0.105277317,8.61E-08,CD248,6.984404092
430,0.015951205,0.005256363,0.002414719,9472,1,0.470373425,0.300047281,CD27,2.617133443
431,0.013436746,0.005167379,0.009328817,9371,1,1.892735098,8.31E-08,CD274,2.030173439
432,0.009985526,0.005145673,0.052340566,9430,1,0.633116321,3.98E-05,CD276,1.281161589
433,0.012730737,0.005172283,0.013860206,9216,1,0.559607681,0.035098813,CD28,1.858230327
434,0.008690691,0.005330176,0.10303579,9405,1,1.202272803,0.006803844,CD2AP,0.987011896
435,0.009212242,0.00486089,0.05810493,8053,1,0.01087508,4.47E-09,CD300A,1.23578702
436,0.004498315,0.005174623,0.384703414,9523,1,4.245874681,0.068110133,CD300C,0.414873959
437,0.018063499,0.004978393,0.000286709,9475,1,0.146351086,7.07E-06,CD300E,3.542558507
438,0.009491456,0.005140687,0.064873996,9507,1,0.335124528,0.033570884,CD300LF,1.187929352
439,-0.001557542,0.005116325,0.760810131,9443,1,0.77184622,0.013107038,CD300LG,0.118723713
440,0.018291927,0.004931086,0.000208857,9397,1,1.479799055,0.00260352,CD302,3.680150116
441,0.006740857,0.005581569,0.227193127,9472,1,1.584127478,0.152945389,CD33,0.643604812
442,-0.032149398,0.005360463,2.08E-09,9507,1,1.259407637,8.71E-06,CD34,8.682583511
443,0.004425928,0.004943666,0.370668419,8009,1,0.329824403,3.54E-31,CD36,0.431014414
444,0.020904098,0.004293234,1.14E-06,9397,2,0.003934102,2.85E-06,CD38,5.943286387
445,0.001542685,0.005107797,0.762640482,7980,1,0.056811135,0.278145239,CD3D,0.117680145
446,0.004065282,0.005136918,0.428742423,8087,1,0.120050547,0.471198068,CD3E,0.367803542
447,-0.002298761,0.005126016,0.653840687,8009,1,0.040948044,0.001791588,CD3G,0.184528058
448,0.020394343,0.005146477,7.46E-05,9377,1,0.808352567,9.49E-05,CD4,4.127068834
449,-0.002028255,0.005440461,0.709298714,9418,1,0.344936773,0.005285182,CD40,0.149170827
450,0.003214799,0.00557243,0.564012873,9508,1,0.182385823,0.020371854,CD40LG,0.248710984
451,0.003225369,0.005232382,0.537629351,9320,1,0.564786452,0.001011423,CD46,0.269517029
452,0.002747187,0.005362934,0.608484895,9458,1,1.229430681,0.268729169,CD48,0.215750198
453,0.009950375,0.00526597,0.05884711,9496,1,0.056272742,0.000408904,CD5,1.23027486
454,0.000603332,0.005021786,0.904372564,9098,1,0.107394556,0.00166139,CD55,0.043652621
455,-0.011312302,0.005354927,0.034669583,9417,1,0.076565487,0.461686149,CD58,1.460051379
456,0.013738671,0.004542168,0.002495814,9080,1,0.116814231,9.63E-08,CD59,2.602787858
457,0.008740963,0.005112977,0.08738441,8200,1,0.235663197,8.76E-10,CD5L,1.058566044
458,-0.006754412,0.0053498,0.20678053,9496,1,0.063330562,0.948799503,CD6,0.684490357
459,0.000600013,0.005419214,0.911841104,9358,1,2.717629489,0.006991835,CD63,0.040080835
460,0.002154099,0.005395284,0.689713803,9352,1,0.332615194,0.235427206,CD69,0.161331083
461,0.002392894,0.005055375,0.635986053,7991,3,0.014977697,6.94E-05,CD7,0.196552408
462,-0.000217986,0.005251234,0.966889059,9396,1,0.939822596,0.001101739,CD70,0.014623354
463,0.018179908,0.004747565,0.000129478,8053,1,0.000502666,2.89E-11,CD72,3.887802366
464,0.014386595,0.005030329,0.004246024,9523,1,0.072434014,2.53E-06,CD74,2.372017569
465,0.007726487,0.005296813,0.144679454,9508,1,0.626453291,0.810601614,CD79B,0.839593139
466,0.015574112,0.004858046,0.001351851,8230,1,0.038016406,3.69E-09,CD80,2.86907133
467,0.007835824,0.005170618,0.129697135,8087,1,0.213960672,0.161573473,CD82,0.887069616
468,0.009797373,0.005006745,0.050396508,9396,1,0.037072476,0.574869604,CD83,1.297599554
469,0.004968735,0.005486729,0.365175445,9396,1,0.238988486,0.00319979,CD84,0.437498433
470,-0.006519152,0.005001997,0.192505595,8214,1,0.048904986,0.372041832,CD86,0.715556643
471,0.002826783,0.005456843,0.604452595,9523,1,0.397716081,0.001935009,CD8A,0.218637753
472,-0.012738142,0.00509598,0.012449292,9087,1,0.318016473,3.52E-07,CD93,1.904855347
473,-0.00632681,0.0045896,0.168078531,9443,1,0.243253962,4.87E-05,CD99,0.774487757
474,0.00466018,0.005084182,0.35937384,9443,1,0.023819081,0.021402718,CD99L2,0.44445354
475,-0.009062838,0.004968217,0.068163857,8210,1,0.332205962,2.10E-19,CDA,1.166445845
476,0.005814402,0.005156599,0.259536469,8229,1,0.072366305,0.442858201,CDAN1,0.585801608
477,0.005453669,0.005087569,0.283770732,7953,1,0.120279074,0.398947702,CDC123,0.547032399
478,-0.004389722,0.005103675,0.389754291,7953,1,0.04530863,0.006701248,CDC25A,0.409209095
479,0.00380512,0.005172874,0.462000688,8196,1,0.220820358,2.64E-06,CDC26,0.335357378
480,0.016083724,0.005374795,0.002774963,9216,1,0.201917897,0.410946253,CDC27,2.556742761
481,0.00724484,0.005493074,0.187233009,9472,1,2.088176225,0.526414959,CDC37,0.727617583
482,0.003566451,0.005144301,0.488152313,8214,1,0.02430443,0.000553818,CDC42BPB,0.311444648
483,-0.008903755,0.004600456,0.052970452,9371,1,1.781943384,1.03E-06,CDCP1,1.275966323
484,-0.000450096,0.00512628,0.930036227,9111,1,0.210531615,1.13E-05,CDH1,0.031500134
485,0.00795338,0.004664056,0.088180617,9507,1,0.026720012,0.083154756,CDH15,1.054626868
486,-0.00468128,0.005281453,0.375445076,9405,1,0.135958267,0.003897433,CDH17,0.425453587
487,0.01691242,0.004844144,0.000482863,9405,1,0.07052849,0.002311028,CDH2,3.316176135
488,-0.000880574,0.005134464,0.863832789,8087,1,0.009763443,0.630166994,CDH22,0.063570315
489,0.002757886,0.005093475,0.588208955,8229,1,0.146603929,0.000230801,CDH23,0.230468368
490,0.01389269,0.00531222,0.008930752,9523,1,0.222217472,5.01E-05,CDH3,2.049111969
491,0.00097206,0.005135508,0.849876473,7980,1,0.102318864,0.091870818,CDH4,0.070644193
492,-0.007488411,0.005495316,0.173012563,9514,1,0.146393525,3.59E-06,CDH5,0.761922361
493,-0.008596914,0.005201874,0.09843409,9405,1,0.544458238,0.023158805,CDH6,1.006854469
494,0.001232894,0.005182116,0.811953593,9267,1,1.765568547,0.008004698,CDHR1,0.090468792
495,0.018476098,0.004185357,1.02E-05,9397,1,0.00770788,7.05E-18,CDHR2,4.989724231
496,0.008287011,0.005093666,0.103786638,9405,1,0.574092553,0.907519411,CDHR5,0.983858556
497,0.002820153,0.005124678,0.582123394,7953,1,0.140332137,0.013838835,CDK1,0.234984947
498,0.002739196,0.00521731,0.599582963,8225,1,0.40095944,0.072103687,CDK5RAP3,0.222150716
499,0.006510392,0.005064532,0.198659357,7980,1,0.04909456,0.027988295,CDKL5,0.701890974
500,0.005409624,0.005446268,0.320603193,9397,1,0.365247868,0.874306752,CDKN1A,0.494032157
501,0.006737063,0.005518973,0.222226683,9397,1,0.850722631,0.507303602,CDKN2D,0.653203797
502,0.015791881,0.005260978,0.002691826,9397,1,0.005402762,0.050987067,CDNF,2.569953057
503,-0.009587875,0.005307693,0.070885999,9444,1,0.311237028,0.568340655,CDON,1.149439535
504,-0.002467139,0.005456458,0.651171127,9474,1,3.418914509,0.075008714,CDSN,0.186304865
505,-0.011200396,0.005200676,0.031293423,9472,1,0.182006628,3.08E-11,CEACAM1,1.504546928
506,-0.006075607,0.004743102,0.200252622,8214,1,0.000700889,3.02E-16,CEACAM16,0.69842179
507,0.003730258,0.00512313,0.46656072,8087,1,0.099678557,0.021620887,CEACAM18,0.331091828
508,0.011321694,0.005077608,0.025792367,8214,1,0.03467112,1.99E-05,CEACAM19,1.5885088
509,0.00941552,0.005188331,0.069599528,8087,1,0.156188591,0.184329032,CEACAM20,1.157393706
510,0.007541154,0.005503928,0.170675897,9396,1,0.417570844,5.39E-08,CEACAM21,0.767827806
511,0.011526544,0.005407621,0.033071355,9216,1,0.184194963,0.596755566,CEACAM3,1.480548009
512,0.005623005,0.005130594,0.273118508,9118,1,1.228899063,0.009876825,CEACAM5,0.563648869
513,0.007899718,0.004847856,0.103239565,8248,1,0.125429083,0.000294571,CEACAM6,0.986153833
514,0.018175369,0.005038862,0.000311345,9260,1,0.568445512,5.01E-07,CEACAM8,3.506757876
515,0.006028503,0.00513523,0.240450081,8009,1,0.086977973,1.35E-09,CEBPA,0.618975072
516,0.014207065,0.005283904,0.007185006,9260,1,0.420935359,0.627044667,CEBPB,2.143572888
517,0.006055749,0.004957626,0.221931101,8248,1,0.029783804,1.68E-12,CELA2A,0.653781832
518,0.009358704,0.005390217,0.082554092,9499,1,0.077417942,1.98E-06,CELA3A,1.083261393
519,0.024939516,0.00489604,3.59E-07,8053,3,0.004105464,0.000308103,CELSR2,6.445012147
520,0.007545831,0.005010348,0.132093997,8009,1,0.151594512,8.58E-07,CEMIP2,0.879116919
521,0.006884653,0.005090698,0.176286228,7980,1,0.566974009,2.33E-11,CEND1,0.753781615
522,0.005928496,0.005090951,0.244249197,8087,1,0.424114385,4.53E-13,CENPF,0.612166856
523,2.84E-05,0.005103212,0.99556511,8087,1,0.055574457,0.038643128,CENPJ,0.001930332
524,0.003189693,0.005128093,0.533957199,7994,1,0.796291694,3.35E-07,CEP112,0.272493553
525,-0.001507453,0.005122172,0.768536771,7953,1,0.26951278,0.133248894,CEP152,0.114335349
526,0.003857215,0.005414283,0.476225961,9280,1,0.485137209,0.758190069,CEP164,0.322186933
527,-0.001620319,0.005176009,0.754255258,8024,1,0.035392753,1.90E-06,CEP170,0.122481654
528,0.00732968,0.005363549,0.171792696,9216,1,0.071442512,0.642660461,CEP20,0.764995304
529,0.005341083,0.005199693,0.304360915,8087,1,0.041345907,0.325498787,CEP290,0.516611119
530,-0.00165456,0.005112719,0.746236866,7953,1,0.352458814,0.75814199,CEP350,0.127123299
531,0.009469886,0.005276403,0.072724462,9220,1,0.285201826,0.657787468,CEP43,1.138319481
532,0.007609269,0.005338995,0.154126118,9216,1,0.648190182,0.935411442,CEP85,0.812123761
533,0.007837963,0.005366385,0.144168367,9267,1,0.494022247,0.930347716,CERT,0.841130021
534,0.012846791,0.004926433,0.009128936,9444,1,0.032438819,0.002093982,CES1,2.039579814
535,0.00167993,0.005248774,0.748928906,9397,1,0.039877369,1.91E-05,CES2,0.125559407
536,0.000888125,0.005418777,0.869815186,9397,1,0.546154381,9.03E-09,CES3,0.060573014
537,0.006668408,0.005388182,0.215896278,9267,1,3.874600716,0.895135663,CETN2,0.665754845
538,0.005704684,0.005161495,0.269088654,8214,1,0.115690994,0.040595837,CETN3,0.570104614
539,0.011479583,0.004606344,0.01271807,8082,1,0.59378839,3.53E-33,CFB,1.89557878
540,0.014209017,0.00529052,0.007249691,9216,1,0.549421619,0.004753357,CFC1,2.139680487
541,0.02390965,0.004720971,4.18E-07,8254,1,0.003622848,3.62E-07,CFD,6.378598178
543,0.000127062,0.00506207,0.979975226,8188,1,0.112502688,0.209742149,CFHR2,0.008784903
544,-0.003224638,0.005106168,0.527719344,8235,1,0.154050377,0.063334614,CFHR4,0.277596986
545,-0.001074903,0.004968379,0.828721199,8128,1,0.013272508,0.039521507,CFHR5,0.081591551
546,0.005996574,0.004549664,0.187531626,8254,1,0.069487719,1.13E-23,CFI,0.726925482
547,0.001210214,0.004837156,0.80244569,8254,1,0.120140949,0.001240632,CFP,0.095584351
548,-0.002371862,0.004238275,0.575745759,9443,9,0.000124234,0.039613775,CGA,0.239769252
549,-0.002679468,0.00483266,0.579286047,8245,1,0.000774378,9.08E-08,CGB3_CGB5_CGB8,0.237106932
550,0.004609209,0.005134351,0.369361992,8014,1,0.149465264,0.374540048,CGN,0.432547797
551,0.011865018,0.005433165,0.029000621,9405,1,0.3808253,0.464686035,CGREF1,1.537592703
552,0.007496995,0.00530641,0.157742895,9216,1,0.080829837,0.013972611,CHAC2,0.802050192
553,0.002007987,0.00486507,0.679811532,8053,1,0.140588168,0.082208113,CHAD,0.167611473
554,0.000689474,0.004608118,0.881066804,8229,1,0.493361117,2.85E-33,CHCHD10,0.054991161
555,0.01253011,0.005035736,0.012857527,8194,1,1.077403386,7.22E-15,CHCHD6,1.890842549
556,-0.001325495,0.005387235,0.805653891,9260,1,0.082743844,0.901784449,CHEK2,0.093851491
557,-0.001919198,0.004870929,0.693583365,8248,1,0.436150408,6.30E-11,CHGA,0.158901331
558,-9.03E-05,0.005201994,0.986157737,9497,1,0.329013864,0.040552772,CHGB,0.006053614
559,0.004652899,0.004863036,0.338699015,9190,1,0.053231417,0.026904833,CHI3L1,0.470186067
560,-0.000718304,0.005103763,0.888078335,9431,1,0.199403005,8.57E-12,CHIT1,0.051548724
561,-0.000502254,0.005416964,0.926128985,9430,1,0.863291497,4.71E-09,CHL1,0.033328523
562,0.002848381,0.00510031,0.576537601,8014,1,0.08864563,0.399094464,CHM,0.239172363
563,0.008949081,0.005492215,0.103259491,9371,1,0.526115315,0.640234851,CHMP1A,0.986070018
564,-0.000587242,0.005120816,0.908703681,8230,1,0.395932976,0.000558068,CHMP6,0.041577713
565,0.000868275,0.005120263,0.865347771,7980,1,0.661053938,0.327087046,CHP1,0.062809321
566,0.022709971,0.004767672,1.93E-06,9458,1,0.000174206,0.005194249,CHRDL1,5.713844656
567,-0.00436219,0.005413193,0.420353141,9405,1,0.613353855,0.099584004,CHRDL2,0.376385703
568,0.0048355,0.005133674,0.346263073,8014,2,0.041221645,0.581441342,CHRM1,0.460593822
569,0.011057265,0.005494736,0.044212634,9472,1,0.347915247,0.013884966,CIAPIN1,1.354453606
570,0.019957151,0.004846122,3.86E-05,8248,1,0.331215078,0.661627494,CILP,4.413831029
571,0.003807131,0.005117281,0.456913002,8087,2,0.009514054,0.69793933,CINP,0.340166483
572,0.003395955,0.005158523,0.510351426,8214,1,0.137412889,0.005671941,CIRBP,0.292130668
573,0.005170786,0.005105886,0.311228984,8014,1,0.557326839,6.45E-09,CIT,0.506919965
574,0.020459013,0.005157725,7.34E-05,9455,1,0.085010135,0.8213308,CKAP4,4.134177708
575,-0.005574557,0.004298609,0.194726707,8248,1,0.010229867,3.44E-43,CKB,0.710574481
576,-0.008927837,0.005444352,0.101073117,9391,1,0.043152599,0.376145942,CKMT1A_CKMT1B,0.995364339
577,0.000146936,0.005109171,0.977057245,7953,1,0.106719902,0.155763208,CLASP1,0.01007999
578,0.007923192,0.005304277,0.135278122,9405,1,0.431787251,2.36E-05,CLC,0.868772436
579,-0.034583958,0.005282635,6.19E-11,9371,1,0.452198324,0.072697919,CLEC10A,10.20829171
580,0.012652367,0.005379843,0.018702821,9427,1,0.698569216,0.083454899,CLEC11A,1.728092884
581,0.006116628,0.005132003,0.233351646,8009,1,0.068791863,0.022374845,CLEC12A,0.631989131
582,0.001220145,0.005185228,0.813971942,9443,1,1.113644108,0.109795012,CLEC14A,0.089390565
583,0.000191044,0.005241269,0.970924373,9260,1,0.25548339,0.100902041,CLEC1A,0.012814597
584,0.003057745,0.005571281,0.583127765,9523,1,1.624610947,0.101553979,CLEC1B,0.23423628
585,-0.000736951,0.005083567,0.884740286,8014,1,0.200522952,0.578321257,CLEC2L,0.053184197
586,-0.024346156,0.004975537,1.01E-06,8041,1,0.072606027,0.007765442,CLEC3B,5.995005377
587,-0.031982821,0.005360392,2.51E-09,9396,1,0.032902207,0.975269177,CLEC4A,8.60004878
588,-0.002005691,0.005400054,0.710332653,9396,1,0.89026157,0.001352181,CLEC4C,0.148538221
589,0.016567653,0.005023169,0.000976525,9396,1,1.811707653,0.335787689,CLEC4D,3.010316499
590,0.007402593,0.005315245,0.163740596,9396,1,0.884146996,0.040810356,CLEC4G,0.785843633
591,-0.026845024,0.005099309,1.44E-07,8237,1,1.028118813,1.53E-05,CLEC4M,6.841128367
592,0.004085411,0.005014631,0.415265783,9364,1,1.422396507,4.71E-06,CLEC5A,0.381673852
593,0.011058746,0.005153577,0.031911925,9216,1,0.212404402,0.000305522,CLEC6A,1.496046993
594,0.006498316,0.005263064,0.216971927,9508,1,0.668939154,5.34E-11,CLEC7A,0.663596455
595,0.009801729,0.005085109,0.053948273,8014,1,0.244601805,0.002584957,CLGN,1.268022454
596,-0.003290918,0.005167023,0.524203056,8014,1,0.045317306,0.001906941,CLIC5,0.280500451
597,-0.000154199,0.005130715,0.976024668,7953,1,0.010612309,0.066170972,CLINT1,0.010539206
598,0.008210735,0.005480621,0.134130663,9396,1,0.095102601,0.826462285,CLIP2,0.872471927
599,0.025116989,0.004439354,1.58E-08,9507,4,0.000375721,0.000667897,CLMP,7.80197557
600,-0.004806249,0.005141786,0.349948954,8014,1,0.03300801,0.005503828,CLNS1A,0.4559953
601,0.008747044,0.005392238,0.104803976,9355,1,0.105173892,0.580461823,CLPP,0.979622243
602,-0.001673436,0.005356681,0.754742153,9422,1,0.923461188,0.026921419,CLPS,0.122201394
603,-0.00381087,0.005417512,0.481802147,9251,1,0.174087995,0.270176609,CLSPN,0.317131269
604,-0.002527933,0.005389442,0.639042868,9267,1,0.28109802,0.815404661,CLSTN1,0.194470008
605,0.007025864,0.005376953,0.191358981,9508,1,0.277587735,0.014630352,CLSTN2,0.718151149
606,0.019457962,0.005008755,0.000103223,8229,1,0.064684043,1.22E-05,CLSTN3,3.986224285
607,0.018664341,0.005405708,0.000557471,9260,1,1.551991667,0.078035664,CLTA,3.253777732
608,-0.002573269,0.005042047,0.609811614,8254,1,0.293500004,1.99E-06,CLU,0.214804309
609,-0.003074967,0.005024847,0.540584044,9396,1,0.573898088,0.016122982,CLUL1,0.267136777
610,0.000872007,0.005140121,0.86529178,8230,1,0.381938593,0.111383088,CMC1,0.062837422
611,0.003858963,0.005162059,0.454745368,8194,1,0.065120945,0.689604461,CMIP,0.342231716
612,-0.00918619,0.005384867,0.088054643,9430,1,1.745537669,0.637336467,CNDP1,1.055247739
613,0.010041833,0.005094263,0.048735067,7980,1,0.144678225,0.315564519,CNGB3,1.312158435
614,0.005616749,0.005168557,0.277195558,7994,1,0.373811123,0.41157416,CNP,0.557213733
646,-0.002901355,0.005480594,0.596549715,9267,1,0.120192729,0.15950508,COPE,0.224353358
647,-0.007664675,0.005045465,0.128771361,8024,1,0.011214409,3.44E-11,COQ7,0.890180713
648,0.006931426,0.005314157,0.192152974,9209,1,0.851794112,0.00041059,CORO1A,0.716352889
649,0.00171083,0.005120652,0.738309904,7980,1,0.018725843,0.002517896,CORO6,0.131761306
650,0.005450649,0.005469574,0.319013597,9397,1,2.069085026,0.019302313,COX5B,0.496190806
651,0.00329522,0.005180746,0.524760732,8230,1,0.089923922,0.9483024,COX6B1,0.280038671
652,0.015181638,0.005408274,0.005008952,9514,1,0.272675475,0.131898765,CPA1,2.300253147
653,-0.016590454,0.005427237,0.002242713,9486,1,0.223538958,0.31807193,CPA2,2.649226387
654,0.008977444,0.005003853,0.072834512,7897,1,0.238117226,0.00331736,CPA4,1.137662785
655,0.019806492,0.005397263,0.000244137,9514,1,0.06231441,0.934089502,CPB1,3.612365688
656,0.003030042,0.005067548,0.549902691,8235,1,0.799697316,0.001043457,CPB2,0.259714155
657,-0.000461056,0.005500982,0.933206572,9462,1,0.156864087,8.30E-05,CPE,0.030022211
658,0.008303138,0.00520965,0.111020799,7953,1,0.05231551,0.083291554,CPLX2,0.95459565
659,0.014804557,0.004670388,0.001529891,9487,1,0.087847237,0.054169723,CPM,2.815339576
660,0.005665072,0.005065064,0.263404187,8009,1,0.192745595,6.24E-05,CPOX,0.579377325
661,0.010023663,0.005427529,0.064804481,9523,1,4.861752266,4.38E-05,CPPED1,1.188394965
662,0.002671933,0.005023855,0.594844847,8235,1,0.577827973,2.63E-05,CPQ,0.225596296
663,0.000734109,0.005164825,0.886975941,7994,1,0.011418628,0.003207917,CPTP,0.05208816
664,0.014814011,0.005559929,0.007725076,9492,1,1.17925099,0.37655662,CPVL,2.11209725
665,0.00593912,0.005508667,0.280998274,9472,1,1.591328335,0.867050854,CPXM1,0.551296348
666,0.017181565,0.004874547,0.00042619,8230,1,0.007463517,0.000188379,CPXM2,3.370397032
667,0.000675148,0.004941276,0.891323209,8212,1,0.126626734,5.47E-05,CR1,0.049964785
668,0.010018508,0.00534879,0.061093537,9430,1,0.048648394,0.013109536,CR2,1.214004729
669,0.007441215,0.005340532,0.163548535,9216,1,0.493817455,0.019136022,CRACR2A,0.786353342
670,0.008355527,0.005415608,0.122898532,9355,1,3.292954866,0.315478895,CRADD,0.910453305
671,-0.00183032,0.00509021,0.719173356,7953,1,0.234358465,0.950523667,CREB3,0.143166411
672,0.00259242,0.005070321,0.609160153,7953,1,0.011326981,0.036825608,CREBZF,0.215268513
673,0.006978821,0.005199168,0.17953283,9333,1,0.230149305,8.57E-05,CREG1,0.745856124
674,-0.003007003,0.00488565,0.538257511,8053,2,0.008898946,1.95E-15,CRELD1,0.269009901
675,0.009709826,0.005460917,0.075426526,9458,1,0.367271299,0.494393133,CRELD2,1.122475894
676,-0.01619848,0.005208856,0.001877894,9201,1,2.194515433,0.000535861,CRH,2.726329018
677,0.008280641,0.005055852,0.101489958,9430,1,2.400617146,0.010386113,CRHBP,0.993576926
678,0.001238594,0.005386536,0.818141494,9260,1,1.196321999,0.364020272,CRHR1,0.087171581
679,-0.002274096,0.005207669,0.662351783,9473,1,0.254977558,0.045402021,CRIM1,0.17891129
680,0.008417442,0.004988717,0.091579785,9371,1,0.553363487,1.75E-09,CRIP2,1.038200378
681,0.007337096,0.004670322,0.11621503,9507,1,0.006075937,0.010090106,CRISP2,0.934737701
682,0.007136456,0.004886692,0.144222614,8161,1,0.042752722,5.29E-10,CRISP3,0.840966638
683,0.007161909,0.005514669,0.19407815,9445,1,0.364791609,0.392857292,CRKL,0.712023356
684,0.003750246,0.005251882,0.475197463,9473,1,0.105078999,0.416539021,CRLF1,0.323125887
685,0.010778881,0.005118975,0.035260098,9149,1,0.154632327,0.188653603,CRNN,1.452716489
686,-0.029932902,0.005209548,9.43E-09,9514,1,0.382010987,0.725698586,CRTAC1,8.025404505
687,0.003148826,0.005370041,0.557641683,9371,1,0.075387207,0.049850654,CRTAM,0.253644771
688,0.004934588,0.005070845,0.330518481,8014,1,0.002152016,0.000163776,CRTAP,0.480804252
689,0.000505962,0.005389676,0.925209522,9260,1,0.072577192,0.324064516,CRX,0.033759906
690,0.004849627,0.005167582,0.348029922,8230,1,0.172969947,9.35E-08,CRYBB1,0.458383416
691,0.010229922,0.005001387,0.040845564,8229,1,0.026397034,2.81E-07,CRYBB2,1.388855098
692,0.00720071,0.005083331,0.156657213,8229,1,0.005264034,0.244581707,CRYGD,0.805049603
693,0.003990705,0.005132208,0.436839431,7980,1,0.20822279,2.27E-05,CRYM,0.359678167
694,0.002445176,0.005120536,0.633002411,8024,1,0.009074229,0.003503447,CRYZL1,0.198594636
695,0.004936014,0.005117947,0.334848635,7994,1,0.069137368,0.120386771,CSDE1,0.475151467
696,0.008076054,0.005059168,0.11045064,9473,1,0.336632588,0.012988226,CSF1,0.956831763
697,0.007721316,0.004883333,0.11388061,8245,1,0.210011059,3.43E-05,CSF1R,0.943550214
698,0.004436551,0.004998209,0.374767619,7994,1,0.57988018,0.001202484,CSF2,0.426237941
699,0.006444867,0.005453507,0.237321428,9371,1,1.049862977,0.110055524,CSF2RA,0.624663048
700,0.006709162,0.005124375,0.190482408,8009,1,0.0186137,0.050163942,CSF2RB,0.720145128
701,0.010600582,0.005179726,0.040730182,9280,1,0.839830549,0.001781174,CSF3,1.390083644
702,0.012161491,0.005012232,0.015273017,8009,1,0.048975371,2.58E-06,CSF3R,1.81607516
703,-0.013402156,0.005178654,0.009671552,8245,1,0.016029682,0.067870305,CSH1,2.014503828
704,0.006348997,0.005091675,0.212457225,8009,1,0.050209515,0.005257318,CSNK1D,0.672728495
705,0.006150733,0.005102839,0.22810092,8225,1,0.603141068,6.51E-06,CSNK2A1,0.641872963
706,-0.011812288,0.004704552,0.012064077,8248,1,0.098584007,4.49E-17,CSPG4,1.918505901
707,0.003364888,0.005050363,0.505259942,7980,1,0.021340503,0.000771727,CSPG5,0.296485132
708,-0.026692388,0.005013286,1.04E-07,7994,1,0.04654176,4.63E-15,CSRP3,6.982609646
710,0.02459449,0.004661995,1.35E-07,9417,1,0.063647781,0.001574156,CST3,6.868636319
711,0.001641128,0.005205897,0.752583536,9266,1,0.976073763,1.47E-05,CST5,0.123445287
712,0.006061382,0.004977601,0.22335729,9189,1,0.218931853,0.000180446,CST6,0.650999869
713,0.008040664,0.005373099,0.134565572,9433,1,0.979834783,0.018001919,CST7,0.871066037
714,0.016093343,0.005132018,0.001718795,9307,1,0.460117263,5.74E-07,CSTB,2.76477595
715,0.002922654,0.005201289,0.574193285,8071,1,0.148767903,0.104558038,CTAG1A_CTAG1B,0.240941891
716,0.000838292,0.0049349,0.865116613,8124,1,0.01444893,0.000297288,CTBS,0.062925348
717,0.006330213,0.005372773,0.238746384,9260,1,0.40512004,0.688380088,CTF1,0.622063197
718,0.014641539,0.00453077,0.001235929,8248,1,0.058772519,4.08E-10,CTHRC1,2.908006521
719,0.002703692,0.005195712,0.602819783,8248,1,0.652885286,0.104033925,CTLA4,0.219812504
720,0.005057678,0.005119595,0.323228799,7980,1,0.03318233,0.031132077,CTNNA1,0.490489951
721,0.012742142,0.005396445,0.018235628,9443,1,0.309364406,0.005694791,CTRB1,1.739079279
722,0.002652405,0.005291397,0.616194648,9423,1,0.085583006,0.000289012,CTRC,0.210282078
723,0.002455038,0.004944138,0.619515967,8229,1,0.08178826,1.18E-14,CTRL,0.207947496
724,0.003149943,0.005152211,0.540964901,9405,1,0.155263706,0.721459826,CTSB,0.266830912
725,0.009839293,0.005395283,0.068231573,9411,1,2.136659426,0.001026884,CTSC,1.166014619
726,0.015332555,0.004645383,0.000968621,8813,1,0.013226832,1.73E-15,CTSD,3.013846195
727,0.00105654,0.005075193,0.835095812,8053,1,0.165617124,8.61E-06,CTSE,0.078263694
728,-0.013423707,0.005205112,0.009925174,9472,1,0.059616618,0.125660839,CTSF,2.003261885
729,0.003743394,0.005270601,0.47757299,9237,1,1.072436078,1.39E-06,CTSH,0.320960243
730,0.010168007,0.005196777,0.05042427,9405,1,0.09327307,0.000393517,CTSL,1.297360378
731,0.005250102,0.00526593,0.318792791,9508,1,0.219357421,0.150601853,CTSO,0.496491507
733,-0.007245751,0.005096846,0.155171061,9483,1,0.821626803,2.79E-05,CTSV,0.809189271
734,0.010487196,0.005102175,0.0398645,9396,1,0.811417449,0.299154622,CTSZ,1.399413676
735,0.006850912,0.005020312,0.172405016,8014,1,0.009794795,0.013992657,CUZD1,0.763450102
736,0.008479406,0.005120849,0.097788763,8178,1,0.099485181,6.63E-20,CWC15,1.009711046
737,0.006419548,0.005281607,0.224223873,9371,1,1.340116863,0.512399771,CX3CL1,0.649318151
738,0.01198918,0.005516781,0.029788682,9396,1,2.098122076,1.49E-13,CXADR,1.525948709
739,0.006281958,0.005489503,0.252504249,9413,1,0.285039384,0.004994683,CXCL1,0.597731309
740,0.015326796,0.005132524,0.00283182,9473,1,1.840618572,1.10E-24,CXCL10,2.547934302
741,0.004016465,0.005363524,0.453967287,9523,1,0.798863022,0.007867934,CXCL11,0.342975441
742,-4.87E-05,0.005304128,0.992669703,9280,1,0.703405927,0.018996888,CXCL12,0.003195233
743,0.019001201,0.005413481,0.000450219,9523,1,0.227728194,0.000227982,CXCL13,3.346576586
744,-0.017544365,0.00468363,0.000180846,9280,1,0.026802398,6.05E-56,CXCL14,3.7426922
745,0.009375764,0.005257346,0.074558966,9497,1,0.09193279,0.765009843,CXCL16,1.127500123
746,-0.002351072,0.004330345,0.587191152,9508,1,0.034599856,0.730138968,CXCL17,0.231220497
747,-0.001866956,0.005543111,0.736270332,9418,1,0.439217055,0.441100871,CXCL3,0.132962699
748,-0.002855469,0.005330932,0.592218983,9372,1,1.021591126,0.651275577,CXCL5,0.227517676
749,0.007170053,0.005531737,0.194949582,9508,1,0.239393035,0.943634762,CXCL6,0.710077693
750,0.005203854,0.005437518,0.338578189,9376,1,0.922239965,0.014136222,CXCL8,0.470341022
751,0.013396836,0.005039894,0.007870117,9473,1,1.123484676,1.13E-23,CXCL9,2.104018787
752,-0.003113128,0.005157224,0.546097587,7953,1,0.01199917,0.495387368,CYB5A,0.262729742
753,0.006900666,0.00499234,0.166932802,8122,1,0.0055485,2.97E-11,CYB5R2,0.777458316
754,0.007443666,0.005162194,0.149353502,7994,1,0.327612544,0.713684652,CYP24A1,0.825784589
755,0.00382196,0.00516875,0.459664053,7953,1,0.60420692,0.076357085,CYTH3,0.337559458
756,0.017992965,0.004817486,0.000189037,8248,1,0.112235754,0.087100925,CYTL1,3.723453956
757,0.000173045,0.005095791,0.972911107,8053,1,0.025101263,0.000533526,DAAM1,0.011926839
758,0.007876781,0.00557783,0.15793601,9507,1,0.557450315,0.482214102,DAB2,0.801518838
759,0.007053576,0.005487363,0.198676409,9473,1,2.538429562,0.000337877,DAG1,0.701853698
760,0.006228075,0.005160126,0.227482622,8009,1,0.125519127,0.0288494,DAND5,0.643051775
761,0.006770028,0.005100023,0.184397687,8009,1,0.006778203,0.00255962,DAPK2,0.73424453
762,0.004758893,0.005552623,0.391437378,9396,1,2.441507518,0.623285694,DAPP1,0.407337707
763,0.005501025,0.005465891,0.314235858,9355,1,2.258570815,0.134773475,DARS1,0.502744258
764,-0.010940356,0.005153002,0.033775046,8225,2,0.017617429,0.076532255,DBH,1.471404049
765,0.012566447,0.005485382,0.021991401,9404,1,1.036038007,5.81E-09,DBI,1.657747112
766,0.000510055,0.005088034,0.920151556,8009,1,0.035567636,0.000182737,DBN1,0.036140635
767,0.0059058,0.005511461,0.283950057,9473,1,0.747314107,0.750622709,DBNL,0.546758039
768,-0.007779702,0.005176968,0.132936264,9472,1,0.259666775,0.878864963,DCBLD2,0.876356531
769,0.012460484,0.004972745,0.012238704,8014,2,0.001293562,3.61E-08,DCC,1.912264553
770,0.008861684,0.005097669,0.082182724,7953,1,0.362733948,0.175607652,DCDC2C,1.08521947
771,-0.002394356,0.005131083,0.640771944,7953,1,0.013102244,0.002310448,DCLRE1C,0.193296512
772,0.00255837,0.004960076,0.606011678,9260,1,1.027492665,0.00121087,DCN,0.217519007
773,-0.00060876,0.005127633,0.905499085,8053,1,0.025423479,0.019868139,DCTD,0.043111984
774,0.008250506,0.005543484,0.136698402,9507,1,0.207292274,0.004784333,DCTN1,0.864236564
775,0.003958606,0.00552619,0.473802057,9397,1,0.587730047,0.569478675,DCTN2,0.324403058
776,0.001791719,0.005341304,0.737296349,9267,1,0.266583376,0.121383872,DCTN6,0.132357917
777,0.003732429,0.005239978,0.476297569,9405,1,0.330272163,4.56E-06,DCTPP1,0.322121635
778,0.005693717,0.005100519,0.264326806,7980,1,0.089829026,0.075208609,DCUN1D1,0.577858791
779,0.012358881,0.005068765,0.014780638,7953,1,0.182609081,0.012258731,DCUN1D2,1.830306811
780,0.010189635,0.004896403,0.037456637,9472,1,0.415382564,9.77E-06,DCXR,1.426471213
781,0.004843238,0.005180147,0.349836435,7994,1,0.709727303,0.479467806,DDA1,0.456134961
782,0.015308919,0.005302565,0.00389726,9397,1,0.174442631,1.35E-05,DDAH1,2.4092406
783,-0.013372079,0.005149953,0.009431384,9391,1,0.126620023,4.35E-06,DDC,2.025424555
784,0.002868426,0.005156916,0.578069538,8225,1,0.023638267,0.001066267,DDHD2,0.238019916
785,-0.000566352,0.005054076,0.910779852,8053,1,0.073809814,2.18E-13,DDI2,0.040586585
786,-0.003708689,0.005360031,0.489007226,9523,1,0.262082235,0.873553276,DDR1,0.310684723
787,0.013473497,0.004983811,0.006876415,8248,1,0.308487864,3.12E-19,DDT,2.162637896
788,0.001051424,0.005119559,0.837285022,8214,1,0.240449839,0.505791134,DDX1,0.077126677
789,-0.003480402,0.005077621,0.493086521,8014,1,0.017960987,0.002210044,DDX25,0.307076869
790,0.009897517,0.005148373,0.054583985,8009,1,0.042426764,0.16946107,DDX39A,1.262934757
791,-0.00321037,0.005122937,0.530896079,8009,1,0.012145313,0.554195411,DDX4,0.274990482
792,-0.005821011,0.005121165,0.25571554,8014,1,0.146079222,0.006063418,DDX53,0.592242879
793,0.006710288,0.005329151,0.2080022,9216,1,1.348486632,2.09E-05,DDX58,0.681932072
794,0.003303568,0.005512691,0.549010017,9396,1,0.281446735,0.100538151,DECR1,0.260419732
795,0.015391867,0.005212751,0.00315772,9184,1,0.105747838,0.008950178,DEFA1_DEFA1B,2.500626379
796,0.00313069,0.005027018,0.533451767,7953,1,0.101421813,0.021752212,DEFB103A_DEFB103B,0.272904842
797,-0.005204406,0.004738648,0.272111393,7980,1,0.216197706,2.28E-47,DEFB104A_DEFB104B,0.565253275
798,0.000813278,0.005151033,0.874550372,7980,1,0.062184351,0.004977214,DEFB116,0.058215171
799,-0.001106574,0.005142309,0.829624559,7980,1,0.014623246,0.781685888,DEFB118,0.0811184
800,0.002649805,0.00495736,0.592994937,9317,1,0.295591031,7.63E-08,DEFB4A_DEFB4B,0.226949014
801,-0.001896279,0.005094644,0.709746171,7994,1,0.372509712,0.866209623,DENND2B,0.148896942
802,0.005412264,0.005092719,0.287929509,8009,1,0.026146308,0.029691376,DENR,0.540713823
803,0.013051892,0.005614779,0.020116465,9508,1,0.523961327,0.03622639,DFFA,1.696448334
804,0.004456387,0.005158991,0.387718406,7980,2,0.021990453,0.000501516,DGCR6,0.411483582
805,0.004540003,0.005113312,0.374632573,8009,1,0.14868477,0.000800397,DGKA,0.426394464
806,0.005978814,0.005409487,0.269081712,9280,1,0.438300544,0.615474661,DGKZ,0.570115818
807,0.010632567,0.005137814,0.038533865,7994,1,0.082939654,0.875442959,DHODH,1.414157432
808,-0.000380632,0.005156966,0.941163952,8194,1,0.012320595,0.003616376,DHPS,0.026334715
809,0.004513441,0.005143638,0.380251485,8229,1,0.251730078,0.560275684,DHRS4L2,0.419929081
810,0.003647799,0.00542067,0.501000517,9364,1,0.637263646,0.643679371,DIABLO,0.300161826
811,-0.006875683,0.005148136,0.181728637,8014,1,0.032533801,0.349903996,DIPK1C,0.74057663
812,0.003548983,0.004617347,0.442141859,8053,4,0.00585825,1.66E-27,DIPK2B,0.354438367
813,0.001423279,0.005520767,0.796563283,9523,1,1.746752301,0.788719755,DKK1,0.098779716
814,0.009128377,0.005179131,0.078011816,9514,1,0.392421196,0.011223938,DKK3,1.107839614
815,0.014341989,0.005205571,0.005878378,9352,1,0.281775893,1.09E-08,DKK4,2.230742515
816,-0.006148206,0.00534295,0.249879352,9397,1,1.411577786,1.13E-19,DKKL1,0.602269629
817,0.006507443,0.005146556,0.20611279,8229,1,0.454842174,0.354139486,DLG4,0.685895057
818,-0.003918892,0.005216623,0.45253482,8225,1,0.175044211,0.744000872,DLGAP5,0.344347999
819,0.003512499,0.005221984,0.50119473,9514,1,0.0047625,0.160900788,DLK1,0.299993504
820,0.013129819,0.005113148,0.010248237,9472,1,0.226899487,0.889104533,DLL1,1.989350858
821,0.000831527,0.00520054,0.872969782,8024,1,0.013768407,1.42E-05,DLL4,0.059000789
822,0.004680642,0.005206076,0.368640777,8024,1,0.520351784,7.66E-18,DMD,0.433396627
823,-0.002230271,0.004770653,0.640156202,8024,2,0.010530984,0.013681596,DMP1,0.193714043
824,0.003172046,0.005152912,0.538187274,7953,1,0.040031908,0.737229487,DNAJA1,0.269066576
825,0.007918679,0.00552254,0.151638583,9467,1,1.797599718,0.10797566,DNAJA2,0.819190283
826,0.001718943,0.005161227,0.739105562,8229,1,0.008092702,4.36E-05,DNAJA4,0.13129353
827,0.013073506,0.005387126,0.015251132,9397,1,0.101684433,0.097441563,DNAJB1,1.816697919
828,0.006451189,0.005172322,0.212340791,8214,1,0.027335573,1.90E-05,DNAJB14,0.672966569
829,0.004876699,0.005069729,0.336116173,8053,1,0.160878931,3.70E-13,DNAJB2,0.473510589
830,0.000179547,0.00509525,0.971890806,7976,1,0.081456991,0.034594949,DNAJB6,0.012382526
831,0.002999865,0.005359629,0.575687388,9260,1,0.140732459,0.537788414,DNAJB8,0.239813285
832,0.005115681,0.005147092,0.320302073,8229,1,0.168976079,0.215940406,DNAJC21,0.49444025
833,-0.00019001,0.005010541,0.969750736,8024,1,0.014317316,0.006287434,DNAJC6,0.013339882
834,0.006237524,0.005105538,0.22184971,8214,1,0.013554468,2.36E-06,DNAJC9,0.653941134
835,-0.018792914,0.005074087,0.000213692,9412,1,0.373982299,0.077139008,DNER,3.670211744
836,0.003526825,0.005161086,0.494405935,7980,1,0.671960553,0.247708354,DNLZ,0.305916325
837,-0.001888493,0.005147927,0.713743796,8214,1,0.057906833,0.011188623,DNM1,0.146457654
838,0.00264748,0.005238567,0.613303812,8225,1,0.254456774,1.01E-12,DNM3,0.212324336
839,0.007941605,0.005469955,0.146574265,9371,1,0.430399084,6.33E-09,DNMBP,0.833942276
840,0.003751794,0.005032341,0.455968785,8229,1,0.750174893,9.91E-13,DNPEP,0.341064888
841,0.008579147,0.005446384,0.115243669,9460,1,5.404354188,4.53E-07,DNPH1,0.938382925
842,0.001898644,0.005153187,0.712554351,8014,1,0.04244316,0.070360459,DOC2B,0.147182004
843,0.002937492,0.005131949,0.567071795,7980,2,0.013896653,0.723071013,DOCK9,0.246361953
844,0.002001279,0.005139464,0.696994503,8229,1,0.978469464,0.081297844,DOK1,0.156770647
845,0.003135227,0.005453787,0.565391906,9405,1,1.965675447,0.983041781,DOK2,0.247650413
846,0.010194298,0.005325292,0.055610169,9355,1,1.319119916,0.0015713,DPEP1,1.254845785
847,-0.003210837,0.005457323,0.556308967,9397,1,3.022684869,0.708025171,DPEP2,0.25468394
848,-0.007137519,0.005162997,0.166870403,9396,1,0.355455158,1.80E-08,DPP10,0.777620686
849,-0.030275158,0.005244241,8.04E-09,9219,1,0.02218399,0.00840014,DPP4,8.09484452
850,-0.005447067,0.004987937,0.27484004,9397,1,0.143864925,1.18E-06,DPP6,0.560919997
851,0.004078471,0.005298554,0.44147788,9343,1,0.170638525,0.008082688,DPP7,0.355091052
852,0.010085845,0.004828832,0.036763849,9514,1,0.000319572,0.151195932,DPT,1.434579028
853,0.014664491,0.005297227,0.00564533,9483,1,1.90017572,1.70E-07,DPY30,2.248310694
854,0.012254427,0.005308716,0.021000828,9371,1,0.008526854,0.339066949,DRAXIN,1.677763592
855,0.005229743,0.005490638,0.340876327,9397,1,0.483689654,0.564149175,DRG2,0.467403158
856,0.014592502,0.00496995,0.003331297,9330,1,0.317133752,0.017351055,DSC2,2.477386612
857,-0.001519412,0.005019748,0.762136199,8225,1,0.052543196,1.21E-06,DSCAM,0.11796741
858,-0.001869918,0.005151601,0.71662945,9443,1,0.440853043,0.002173648,DSG2,0.144705348
859,0.002274907,0.005163764,0.659547397,9476,1,2.745359212,0.102233903,DSG3,0.180753989
860,-0.000925105,0.005259986,0.860395178,9375,1,0.311480919,0.069550545,DSG4,0.065302032
861,0.00169778,0.005100478,0.739243419,8053,1,0.22788555,0.121497582,DTD1,0.131212533
862,-0.00149177,0.004900124,0.760804149,8176,1,0.347248229,2.78E-44,DTNB,0.118727127
863,-0.009300109,0.005121773,0.069438652,8014,1,0.046834045,0.460501896,DTX2,1.158398721
864,0.015740718,0.004927034,0.001404075,9397,1,0.123688147,0.001197906,DTX3,2.852609703
865,0.006191689,0.005036755,0.218994133,8230,1,0.010678361,2.70E-06,DTYMK,0.659567519
866,0.010547221,0.005478974,0.054255517,9260,1,0.26055045,0.510175468,DUOX2,1.265556095
867,0.000862875,0.005043999,0.864173212,8194,1,0.465938301,0.174226733,DUSP13,0.0633992
868,-0.010285225,0.004986692,0.039189069,8014,1,0.068149104,4.21E-18,DUSP29,1.406835056
869,0.003279525,0.005358085,0.540506217,9267,1,2.261663054,0.000121427,DUSP3,0.267199306
870,0.008122877,0.005344692,0.128594765,9267,1,0.043879229,0.16070827,DUT,0.890776712
1056,0.000902846,0.005459252,0.868649188,9420,1,0.183608908,0.00257984,FIS1,0.061155582
1057,-0.001582083,0.005195184,0.760732797,8225,1,0.017326404,0.020249037,FKBP14,0.11876786
1058,0.006812385,0.005575662,0.221810916,9465,1,3.175758551,0.439232918,FKBP1B,0.654017085
1059,0.009240882,0.005395497,0.086800397,9371,1,0.107681488,0.021691805,FKBP4,1.061478288
1060,0.005712917,0.005495288,0.298551375,9371,1,0.246871325,0.118278497,FKBP5,0.524980924
1061,0.010879882,0.005323506,0.04100717,9251,1,0.505681626,0.001512214,FKBP7,1.387140201
1062,0.008011509,0.005116723,0.117445752,8214,1,0.052739356,0.064025709,FKBPL,0.930162688
1063,0.005700289,0.005321786,0.284142117,9216,1,1.080800719,0.564583571,FLI1,0.546464388
1064,0.013561696,0.005289425,0.010365026,9371,1,1.322947998,0.021194417,FLRT2,1.984429615
1065,-0.004132108,0.005425717,0.446330974,9381,1,1.636604429,0.062818897,FLT1,0.350342973
1066,-0.000296828,0.00530046,0.955342666,9216,1,0.022348695,3.97E-06,FLT3,0.019840826
1067,0.011267863,0.005256524,0.032090607,9508,1,0.269428826,0.13018939,FLT3LG,1.493622064
1068,0.004691389,0.005283722,0.374619876,9472,1,0.257805967,0.611442145,FLT4,0.426409184
1069,0.003831454,0.005295437,0.469367239,9267,1,1.287038251,2.73E-10,FMNL1,0.328487227
1070,0.020426043,0.005419992,0.00016516,9216,1,0.273939798,0.641514397,FMR1,3.782095231
1071,0.00432327,0.004968694,0.38427018,8254,2,0.000895086,0.000318955,FN1,0.415363316
1072,-0.010769681,0.005043771,0.032770602,8229,1,0.464744722,0.155305129,FNDC1,1.484515587
1073,-0.003652338,0.005130754,0.476576639,8194,1,0.216187093,2.81E-09,FNTA,0.32186725
1074,-0.001033667,0.005127131,0.840228897,8009,1,0.334991892,0.003628558,FOLH1,0.075602386
1075,0.002795262,0.004942687,0.571723425,9447,1,0.006755476,0.001743186,FOLR1,0.242814013
1076,0.020826232,0.005123461,4.84E-05,9523,1,0.02591127,0.622335971,FOLR2,4.314749689
1077,0.011383641,0.005412924,0.035487941,9455,1,0.199607176,7.99E-32,FOLR3,1.449919196
1078,0.005125021,0.00513901,0.318660172,7937,1,0.025223364,0.001232552,FOS,0.496672213
1079,0.001775435,0.005371882,0.741025713,9267,1,1.79528118,0.018698557,FOSB,0.130166722
1080,0.004209545,0.005117646,0.410785667,8009,1,0.192245329,0.008323956,FOXJ3,0.386384718
1081,0.006178535,0.005538243,0.264616449,9396,1,0.074915897,0.222743792,FOXO1,0.577383163
1082,0.003137142,0.005348082,0.557492169,9216,1,1.040163017,0.001821978,FOXO3,0.253761229
1083,0.002753553,0.005100223,0.58928884,7994,1,0.07840838,0.095938662,FRMD4B,0.229671784
1084,0.007003702,0.005103605,0.170007041,8014,1,0.261647501,0.305081772,FRMD7,0.769533092
1085,0.005963545,0.005194451,0.25097297,9336,1,0.044265894,0.002642704,FRZB,0.60037305
1086,0.004999678,0.003693753,0.175918269,8024,10,0.000134992,7.27E-99,FSHB,0.754689057
1087,0.00084507,0.005380697,0.875204245,9458,1,1.228308476,1.29E-10,FST,0.057890584
1088,0.00436916,0.005098827,0.391528478,8024,1,0.016042969,0.002599271,FSTL1,0.407236644
1089,0.016079949,0.004649176,0.000545264,9416,1,0.173763816,1.80E-06,FSTL3,3.263393426
1090,0.016927624,0.004732383,0.000349595,8211,1,0.04941822,8.10E-26,FTCD,3.456434372
1091,0.008266402,0.005398506,0.125743832,9473,1,1.103003828,0.57248245,FUCA1,0.90051331
1092,0.017149368,0.004646734,0.00022518,8053,1,0.031639382,1.51E-10,FUOM,3.647470049
1093,0.010992195,0.004876292,0.024205636,9472,1,0.029205974,0.214158204,FURIN,1.61608351
1094,0.017570135,0.005353937,0.0010356,9205,1,0.074809271,1.11E-07,FUS,2.984807898
1095,0.008627877,0.005232143,0.099183707,8075,1,1.038082303,0.006750532,FUT1,1.003559665
1096,0.005441594,0.005093156,0.285361414,9523,1,0.38794643,0.591573109,FUT3_FUT5,0.544604751
1097,-0.00308843,0.005469826,0.572338736,9371,1,0.928858487,0.146515466,FUT8,0.24234686
1098,0.009953627,0.005568755,0.073903763,9507,1,0.477025397,0.085801169,FXN,1.131333448
1099,0.003142107,0.005376058,0.558923133,9280,1,0.190865954,0.926109704,FXYD5,0.252647916
1100,0.00386666,0.005419887,0.475603132,9422,1,0.908168112,0.19104918,FYB1,0.322755294
1101,-0.000805248,0.005096707,0.874465686,8014,1,0.013213312,0.012311556,FZD10,0.058257228
1102,0.007584879,0.005201532,0.144824637,7980,1,0.292076241,0.602734243,FZD8,0.839157553
1103,0.00908515,0.00518525,0.079791652,8194,1,1.011338599,7.61E-07,GABARAP,1.098042542
1104,0.001859693,0.005167513,0.718945075,8087,1,0.03337559,0.361493668,GABARAPL1,0.143304287
1105,0.003642867,0.005123394,0.477088918,7980,1,0.066995252,0.120258862,GABRA4,0.321400671
1106,0.002233192,0.005075939,0.659980635,7953,1,0.282039878,0.299922444,GAD1,0.180468807
1107,-0.000507536,0.005119234,0.921027318,8009,1,0.042233697,0.238101977,GAD2,0.035727488
1108,0.004989206,0.005170675,0.334621676,8087,1,0.71404957,0.627546778,GADD45B,0.47544593
1109,0.006758841,0.005154223,0.189786918,8024,1,0.289571642,0.055584097,GADD45GIP1,0.721733728
1110,0.005184447,0.005133362,0.312549307,7953,1,0.025278362,0.802361604,GAGE2A,0.50508146
1111,-0.002646901,0.005184102,0.609656743,9473,1,1.936860637,0.070412726,GAL,0.214914618
1112,-0.000581481,0.005230127,0.911476658,9397,1,0.82812563,0.052549048,GALNT10,0.040254449
1113,-0.002041039,0.005308823,0.700644875,9507,1,0.679937645,0.228511298,GALNT2,0.15450205
1114,0.006699471,0.005384237,0.213429918,9280,1,1.073775074,0.142104238,GALNT3,0.670744703
1115,0.002272194,0.004911032,0.643612122,8230,1,0.00100869,2.45E-05,GALNT5,0.191375785
1116,-0.016365775,0.005426377,0.002568467,9397,1,0.222627289,0.685411401,GALNT7,2.590325958
1117,-0.002420839,0.005103733,0.635279694,7994,1,0.61774441,0.727450775,GAMT,0.197035026
1118,0.002291533,0.005047464,0.649843553,7879,1,0.040327437,3.85E-13,GAPDH,0.187191185
1119,0.000734804,0.005120418,0.885895093,8225,1,0.421897054,4.44E-06,GART,0.052617704
1120,0.007280335,0.005120496,0.155122186,8087,1,0.183546016,2.97E-07,GAS2,0.809326084
1121,-0.004634588,0.005242928,0.376735245,9443,1,0.637582864,0.216573931,GAS6,0.423963748
1122,0.000676242,0.00495602,0.891470087,7994,1,0.206332315,0.064591323,GASK1A,0.049893225
1123,0.004328606,0.004937849,0.380719978,8229,1,0.296804944,2.61E-07,GAST,0.419394334
1124,0.001548803,0.005167657,0.764405597,7953,1,0.040545471,0.471872813,GATA3,0.116676141
1125,0.005105626,0.005153545,0.321861205,8024,1,0.373061481,0.00071806,GATD3,0.492331367
1126,0.016793249,0.005099733,0.000995668,8014,1,0.408242269,0.066709947,GBA,3.00188534
1127,0.005065899,0.00502597,0.313510832,8212,3,0.019870302,0.000478853,GBP1,0.50374745
1128,0.004673428,0.005444322,0.390691591,9280,1,0.116050533,0.109459061,GBP2,0.408165936
1129,0.013268284,0.005439189,0.014730884,9267,1,2.366535898,0.623758804,GBP4,1.831771193
1130,0.002295881,0.005142094,0.655257246,7994,1,0.536970732,0.720221416,GBP6,0.183588168
1131,-0.004004667,0.005119551,0.434101862,8254,1,0.352672839,0.020688229,GC,0.362408351
1132,0.001885584,0.005147121,0.714122655,8229,1,0.312746504,0.096412405,GCC1,0.146227189
1133,0.010481679,0.005247039,0.045785429,9216,1,0.573924207,0.005777843,GCG,1.339272717
1134,0.01286858,0.004724026,0.006462555,7858,1,0.150612999,1.89E-43,GCHFR,2.189595726
1135,0.008540067,0.00506203,0.091626395,7994,1,0.086382105,2.51E-07,GCLM,1.037979398
1136,0.004383701,0.005254609,0.404156725,9397,1,0.652306452,0.02856639,GCNT1,0.393450191
1137,0.019628483,0.004272876,4.41E-06,9514,1,0.083449606,8.93E-12,GDF15,5.355584657
1138,-0.008190512,0.005011656,0.102230975,9405,1,1.396455315,3.53E-09,GDF2,0.990417497
1139,0.022921814,0.00510435,7.19E-06,9267,1,0.184632902,8.98E-05,GDNF,5.143459646
1140,0.008587734,0.005194616,0.098328577,8230,1,0.088100826,0.089553018,GET3,1.007320248
1141,-0.000681491,0.004824582,0.887672444,9202,1,0.00678217,0.036953412,GFAP,0.051747262
1142,0.016074069,0.005303626,0.002446093,9216,1,0.776264832,1.78E-09,GFER,2.611527107
1143,0.001144104,0.005378413,0.831548928,9216,1,0.472951831,0.003384315,GFOD2,0.080112192
1144,0.025116613,0.004901708,3.05E-07,9497,1,0.004195493,0.074031051,GFRA1,6.515803026
1145,0.007223961,0.005453895,0.185352502,9397,1,2.29422657,0.183947636,GFRA2,0.732001548
1146,0.007846543,0.005109484,0.124650263,9354,1,0.559084002,0.000169909,GFRA3,0.904306802
1147,0.009311677,0.00478513,0.051694501,7987,1,0.15243714,7.24E-16,GFRAL,1.286555652
1148,0.000839422,0.005428907,0.877123669,9267,1,0.215662741,0.946672068,GGA1,0.05693917
1149,0.005423307,0.005157285,0.293022458,8230,1,0.257610542,0.003633157,GGACT,0.533099093
1150,0.005510311,0.005139138,0.283650709,8216,1,0.221397282,0.000328814,GGCT,0.547216126
1151,0.013840912,0.00483958,0.004246706,9251,1,0.088785308,8.87E-12,GGH,2.371947772
1152,0.015461356,0.004656814,0.000903089,9429,1,0.112736574,1.58E-10,GGT1,3.044269686
1153,0.000775775,0.005194729,0.88128948,9371,1,0.523912096,0.021900321,GGT5,0.054881414
1154,-0.00360899,0.005046659,0.474549904,9391,1,0.209974651,9.44E-43,GH1,0.32371811
1155,-0.004868649,0.005375514,0.365113817,9216,1,0.024393938,0.000639491,GH2,0.437571732
1156,0.000326388,0.004600487,0.943442238,8053,1,0.160090711,2.31E-29,GHR,0.025284684
1157,0.000200651,0.005364292,0.97016293,9267,1,0.087304518,0.117030134,GHRHR,0.013155324
1158,-0.008361258,0.004828993,0.083400769,9405,1,0.078120748,1.04E-07,GHRL,1.078829947
1159,0.009288748,0.005203841,0.074301566,8225,1,0.053790016,0.152575654,GID8,1.129002032
1160,0.010152747,0.005175632,0.049837687,8225,1,0.853460897,5.71E-09,GIGYF2,1.302442126
1161,-0.012272924,0.005025047,0.01461339,8053,2,0.005516828,3.23E-08,GIMAP7,1.835249011
1162,0.00587242,0.005145367,0.253778512,7953,1,0.239350641,1.81E-09,GIMAP8,0.595545154
1163,0.002742815,0.004965586,0.580713855,8024,1,0.016097715,0.000418308,GIP,0.236037812
1164,0.008994706,0.00494579,0.068999853,8229,1,0.023720134,1.48E-09,GIPC2,1.161151832
1165,0.001847429,0.005144419,0.719519604,8214,1,0.45871219,0.125515029,GIPC3,0.142957369
1166,0.010932934,0.00515408,0.033934044,8009,1,0.230709569,0.896637498,GIPR,1.469364385
1167,0.00036795,0.005043097,0.941838907,8009,1,0.01338197,4.52E-06,GIT1,0.026023373
1168,0.011139528,0.005112446,0.029368129,7953,1,1.156081697,0.309313454,GJA8,1.532123723
1169,-0.004803741,0.005267011,0.361769943,9193,1,0.802185474,0.588367589,GKN1,0.441567518
1170,0.008009492,0.00471692,0.089540062,8036,3,0.01663676,3.03E-23,GLA,1.047982609
1171,0.00715176,0.005212572,0.170089701,9371,1,0.672372406,7.72E-05,GLB1,0.769321982
1172,0.001207185,0.005143186,0.814435612,8009,1,0.059436382,0.099816146,GLI2,0.089143244
1174,0.014292553,0.00528226,0.006827226,9260,1,1.72624258,1.74E-10,GLO1,2.165755736
1175,0.009540501,0.005453112,0.080228376,9405,1,1.116581142,0.000416786,GLOD4,1.095671996
1176,0.006702481,0.005107238,0.189440065,7980,1,0.041608976,0.00192059,GLP1R,0.722528165
1177,0.007801583,0.005358317,0.145432773,9361,1,2.496291323,0.000783863,GLRX,0.837337715
1178,0.004707033,0.005158089,0.361504666,8053,1,0.105873672,0.004050233,GLRX5,0.441886093
1179,-0.004478626,0.00544615,0.41090063,9267,1,0.227751779,0.054113456,GLT8D2,0.386263193
1180,-0.00027785,0.005178547,0.95721206,8194,1,0.102317798,1.90E-05,GLYR1,0.018991838
1181,0.017815197,0.004748126,0.000176632,8040,1,0.567942572,7.82E-10,GM2A,3.752930711
1182,0.003302007,0.005148381,0.521301484,8230,1,0.083252167,0.079488976,GMFG,0.282911039
1183,0.013470666,0.005509944,0.014511632,9508,1,2.025859885,0.000449414,GMPR,1.838283738
1184,0.004862271,0.005059435,0.33656576,8053,1,0.189625982,0.000169689,GMPR2,0.472930068
1185,0.007147389,0.005121643,0.162894827,8225,2,0.015482061,1.82E-09,GNAS,0.788092708
1186,0.007810312,0.005392617,0.147557628,9216,1,0.405721808,0.378469828,GNE,0.831038336
1187,0.003041195,0.005199934,0.55866328,8014,1,0.212959228,0.592192147,GNGT1,0.252849873
1188,0.007095639,0.005337109,0.18371817,9443,1,2.614743296,0.177766532,GNLY,0.735847889
1189,-0.000649257,0.005150069,0.899681542,8024,1,0.027358705,5.98E-10,GNPDA1,0.04591119
1190,-0.010750133,0.005034611,0.032771083,8053,1,0.055290608,2.98E-09,GNPDA2,1.484509209
1191,0.000669795,0.005115278,0.895825899,8225,1,0.066873268,0.001558237,GOLGA3,0.047776386
1192,0.006366463,0.005283045,0.228204506,9523,1,0.046225918,0.084981697,GOLM2,0.641675785
1193,0.005377583,0.005508874,0.329006733,9396,1,0.246993613,0.431047107,GOPC,0.482795214
1194,0.004922741,0.005145552,0.338747737,8214,1,0.010214225,0.041153701,GORASP2,0.470123597
1195,-0.003337841,0.004965385,0.501461304,8248,1,0.371659519,8.69E-11,GOT1,0.299762574
1196,0.007648304,0.005296072,0.148731345,9353,1,0.354893251,0.174990906,GP1BA,0.827597495
1197,-0.002402854,0.005099734,0.637530511,7994,3,0.010255302,0.04810747,GP1BB,0.195499026
1198,0.002499914,0.005023087,0.618718179,9152,1,1.476264895,4.82E-34,GP2,0.208507123
1199,0.001730851,0.005042932,0.731439563,8053,1,0.40165906,0.011611473,GP5,0.135821553
1200,0.0025495,0.005498982,0.642922728,9422,1,0.380125154,0.584346299,GP6,0.191841221
1201,-0.001324986,0.005471977,0.808676824,9397,1,0.673992806,0.358758081,GPA33,0.092225003
1202,-0.024685278,0.005274197,2.90E-06,9507,1,0.169244678,0.16772574,GPC1,5.53715134
1203,-0.003002785,0.005353452,0.57487479,9371,1,0.242435114,0.119008354,GPC5,0.240426736
1204,0.00563211,0.004724157,0.233219914,8194,1,0.31683068,1.80E-29,GPD1,0.632234369
1205,0.010877854,0.004932174,0.027447483,8214,1,0.216868157,1.49E-28,GPHA2,1.561497478
1206,0.006285483,0.00510173,0.217973153,8245,1,0.287259918,3.89E-05,GPI,0.661596993
1207,-0.001009981,0.005159593,0.844812152,8214,1,0.523339736,0.056267795,GPIHBP1,0.073239848
1208,0.015336633,0.005263206,0.003577609,9267,1,0.154417525,0.023756634,GPKOW,2.446407103
1209,-0.016228609,0.005169383,0.001698505,9153,1,0.088982191,0.172309756,GPNMB,2.769933206
1210,0.010077101,0.005130766,0.049558563,7980,1,0.010303916,0.448168553,GPR101,1.304881295
1211,0.016746924,0.005006928,0.000827259,8225,1,0.023759954,8.51E-11,GPR158,3.082358521
1212,-0.016388483,0.004910088,0.000848461,8214,2,0.001449368,4.93E-15,GPR15L,3.071368371
1213,0.012619946,0.005089849,0.013176786,9260,1,1.324740305,0.045242748,GPR37,1.880190499
1214,0.009828445,0.005081104,0.053109095,8194,1,0.036306429,0.092071183,GPRC5C,1.274831097
1215,0.00661806,0.005477605,0.226999559,9405,1,0.66251456,0.56943614,GRAP2,0.643974986
1216,0.010640067,0.005109967,0.037353398,8230,1,0.142658464,9.52E-05,GRHPR,1.427669889
1217,-0.006951083,0.005140349,0.17632975,8225,1,0.172577509,0.007700092,GRIK2,0.753674407
1218,0.005770569,0.005141581,0.261754517,7980,1,0.107527491,0.142112064,GRIN2B,0.582105815
1219,0.009597554,0.005376059,0.074255223,9260,1,0.432173809,0.801140361,GRK5,1.129272992
1220,0.005671212,0.005270402,0.281932931,9400,1,1.070687792,0.313744245,GRN,0.549854193
1221,0.003797953,0.005087062,0.455332584,8024,1,0.391421692,0.028365341,GRP,0.34167127
1222,0.016667572,0.005352401,0.001851022,9397,1,0.177378943,9.15E-11,GRPEL1,2.732588423
1223,0.008817123,0.005053491,0.08106576,7913,1,0.096824799,0.008282663,GRSF1,1.091162544
1224,0.005251791,0.005385138,0.329467885,9216,1,0.701764723,0.018019097,GSAP,0.482186912
1225,-0.013264854,0.00495213,0.007407469,8209,1,0.245500594,0.000111122,GSN,2.130330183
1226,-0.011823661,0.004998122,0.018023069,8191,1,0.10627479,4.55E-07,GSR,1.744171262
1227,0.019873063,0.004927032,5.54E-05,9405,1,1.05243004,3.41E-07,GSTA1,4.256544937
1228,0.01685509,0.005002787,0.000757129,9216,1,0.140446618,0.000741547,GSTA3,3.120829881
1229,-0.006003565,0.005117783,0.240799086,7994,1,0.144596905,0.004649723,GSTM4,0.618345166
1230,0.001926151,0.005428113,0.722712141,9234,1,1.357807314,0.617161348,GSTP1,0.141034649
1231,0.003185004,0.005203896,0.540526813,8229,1,0.32151965,0.215165407,GSTT2B,0.267182758
1232,0.003706229,0.005207913,0.476699991,8087,1,0.129816686,0.860398306,GTF2IRD1,0.321754857
1233,-0.000607678,0.005089764,0.904967729,8014,1,0.538573911,0.237971193,GTPBP2,0.043366908
1234,0.009582151,0.005041929,0.057399107,9389,1,1.079794465,0.008622328,GUCA2A,1.241094864
1235,0.002561929,0.005102219,0.615596456,8087,1,0.059790461,0.776042687,GUCY2C,0.210703889
1236,0.007656642,0.005126036,0.135299659,7994,1,0.131235799,0.000114958,GUK1,0.868703299
1237,0.01381051,0.004832029,0.004270951,9450,1,0.145564976,0.009312051,GUSB,2.369475455
1238,0.008916641,0.005355074,0.09593014,9260,1,0.339310606,0.952630532,GYS1,1.018044921
1239,0.013660988,0.005371572,0.010999935,9508,1,0.317114702,0.81174336,GZMA,1.958609884
1240,0.00145753,0.005423314,0.788125945,9396,1,0.435494305,0.004983552,GZMB,0.103404375
1241,0.001176466,0.005235415,0.822207567,9260,1,1.272405243,4.51E-05,GZMH,0.08501853
1242,0.002690371,0.005181414,0.60361147,7953,1,0.146376753,0.180180649,H2AP,0.219242516
1243,0.006419529,0.005186018,0.215806879,7994,1,0.050940262,0.21951241,HADH,0.665934716
1244,0.00151998,0.005439383,0.77991344,9486,1,3.3083746,1.93E-18,HAGH,0.107953595
1245,0.017589401,0.005192175,0.000707742,9507,1,0.175549725,1.99E-31,HAO1,3.150125085
1246,0.008315835,0.005465188,0.128142666,9443,1,0.440692873,0.507870007,HARS1,0.892306244
1247,0.002978636,0.004779896,0.5331949,9496,1,0.000468455,0.10868549,HAVCR1,0.273114013
1248,0.009743383,0.004997794,0.051260992,9443,1,0.023528124,0.353713088,HAVCR2,1.290212994
1249,0.010068746,0.005455691,0.064988877,9486,1,5.112024878,0.888732352,HBEGF,1.18716097
1250,-0.005756714,0.005502683,0.295511467,9507,1,0.225250599,5.39E-05,HBQ1,0.529425662
1251,0.000582228,0.005212892,0.91107193,8230,1,0.807468519,0.287763359,HBZ,0.040447334
1252,0.005269269,0.005097899,0.301347143,7994,1,0.189641195,0.145329209,HCG22,0.520932922
1253,0.010419368,0.00558484,0.062120909,9508,1,0.806393731,0.007253033,HCLS1,1.206762199
1254,0.00129853,0.005183574,0.802200547,8009,1,0.121240254,0.327689027,HDAC8,0.095717046
1255,0.003031944,0.005182238,0.558520903,7980,1,0.127295463,0.315340997,HDAC9,0.252960568
1256,0.011942875,0.004638975,0.010056896,8229,1,0.924818299,8.25E-38,HDDC2,1.99753602
1908,0.003799854,0.005439798,0.484863842,9472,1,0.340891755,1.29E-06,NT5C3A,0.314380202
1910,-0.022040245,0.00529209,3.14E-05,9396,1,0.38501946,0.006940271,NTF3,4.50240557
1911,0.01247215,0.005318662,0.019049291,9216,1,0.121972623,0.000201849,NTF4,1.720121194
1912,-0.008285828,0.004874675,0.089207265,9405,1,0.057909039,0.041474216,NTproBNP,1.049599775
1913,-0.008634436,0.005323766,0.10486563,9405,1,1.189922179,0.028155108,NTRK2,0.979366831
1914,-0.01169234,0.005022142,0.019924596,9523,1,0.202752034,0.024645005,NTRK3,1.70061048
1915,0.006587714,0.005504599,0.231428248,9396,1,0.714100948,0.020282248,NUB1,0.635583633
1916,0.00769618,0.005172142,0.136787804,8194,1,0.254114342,0.627043343,NUBP1,0.863952621
1917,0.017653268,0.005464912,0.001240852,9496,1,0.333567979,2.17E-05,NUCB2,2.906280102
1918,0.00988508,0.005600092,0.077568375,9508,1,0.794617837,0.052163763,NUDC,1.110315305
1919,0.003226673,0.005199678,0.534911774,8024,1,0.01469874,0.045519813,NUDT10,0.271717843
1920,0.017508526,0.005117602,0.000626499,7994,1,0.00870264,0.076195597,NUDT15,3.203079486
1921,0.000880728,0.005124861,0.863556563,8193,1,0.032413312,0.000207935,NUDT16,0.063709211
1922,0.01094419,0.005429359,0.04385573,9280,1,1.336201061,0.004463339,NUDT2,1.357973658
